model_name,scs,l3_weight_cuts,l3_output_cuts,lcus,weights,ops_per_image,macs_per_image,total_4bit_macs_per_frame,pure_ops_per_image,pure_macs_per_image,power,fps,subclusters_per_target,l3_cuts_per_target,layers_per_target,l2_cuts_per_target_normalized,l2_cuts_used_normalized,profiling_mode,layers,l3_total_cuts,net_input_throughput,gross_input_throughput,net_output_throughput,gross_output_throughput,latency,input_aligners,input_aligners_per_target,apus,apus_per_target,l4_cuts,l4_cuts_per_target,l2_weights,l2_data_usage,l2_cuts_per_target,number_of_devices,number_of_contexts,calibration,transpose,resize_input,normalization,input_conversion,nms,optimization_level,compression_level,compression_rate,hw_arch,stream_fps,optimization_goal_fps,context_switch_configs,l2_cut_size,l3_cut_size,l4_cut_size
yolov11s,787,745,665,233,9414586.0,21429427200.0,10746092000.0,0.0,21428608000.0,10745682400.0,,N/A,512,1024,128,256.0,393.5,post_placement,141,1410,52.68 Megabytes/sec,263.38 Megabytes/sec,23.77 Megabytes/sec,234.47 Megabytes/sec,N/A,268,256,233,160,4,28,33024,1238016,512,2,3,64,False,False,True,False,True,2,0,N/A,hailo8,,,10575360.00,16384.0,32768.0,131072.0

context_name,csw_scs_mac_util,b8_csw_scs_mac_util, ,lcu_util,l3_util,mapping_util,active_mac_util,width_align_util,feature_align_util,balance_fps_util,mac_layers_util,effective_mac_util,scs_mac_util, ,fps,1/fps (s),drain (s),latency_util,b8_latency_util, ,context_overhead,overhead_util,b8_overhead_util,total_mac_util,b8_total_mac_util,boundary_in_bytes,boundary_out_bytes,inter_context_in_bytes,inter_context_out_bytes,ddr_portals_in_bytes,ddr_portals_out_bytes
contexts_total,0.12418902823637445,0.23198174829512472,,,,0.5165405189282981,0.7915695776915188,0.9460519690422564,0.972729850312259,0.7841447693915115,0.8957400938349508,0.5751057321214983,0.2648181801759062,,44.95065046763993,0.022246619116666668,N/A,0.4689596014664913,0.8760038609925882,,0.00555263,0.5575694097783437,0.8436830315182103,0.06924400317470136,0.19571906465852523,1228800.0,554400.0,3993600.0,3993600.0,921600.0,921600.0
yolov11s_context_0,0.20952230115562676,0.28939571431141176,,0.6171875,0.56640625,0.568359375,0.724303483337852,0.9979189480734643,0.9716005967313591,0.8411977957722854,0.9037800687285223,0.5958352453885399,0.3060638076898164,,796.2734402993988,0.00125585,0.0005786575,0.6845706545217177,0.9455404626106688,,0.001370385,,,,,1228800.0,0.0,0.0,2355200.0,0.0,0.0
yolov11s_context_1,0.06574169441215393,0.16650192942334038,,0.6015625,0.3896484375,0.44140625,0.8966649075324673,0.9156582091580079,0.9738671391765248,0.7153070150530954,0.8539823008849557,0.5655285939173547,0.21317777075400282,,903.9527594287922,0.0011062525,0.002480945,0.30838906974037533,0.7810473335677941,,0.00071298,,,,,0.0,0.0,2355200.0,1638400.0,921600.0,921600.0
yolov11s_context_2,0.15789415885980435,0.248443398796123,,0.6015625,0.4208984375,0.52734375,0.8180533193645622,0.9020096220303078,0.9734000939306915,0.7736535114933404,0.9259259259259259,0.5542167313134234,0.27061363833663254,,1087.5298390999603,0.000919515,0.000656435,0.5834671150734477,0.918074197306602,,0.003469265,,,,,0.0,554400.0,1638400.0,0.0,0.0,0.0

layer_name,layer_type,input_height,input_width,output_channels,input_channels,kernel_height,kernel_width,strides_row,strides_col,predecessors,successors,weights,macs,power,fps,total cycles,theoretical cycles,scs,apus,input_aligners,of_per_sc,of_per_mac,l3_output_cuts,l2_weights_usage_ratio,groups,dilation_height,dilation_width,16x4_configuration,elementwise_feed_repeat,ew_add_enabled,defuse_mode,node_layer_input_bw,node_layer_output_bw,defuse_name,l3_weight_cuts,l4_cuts,lcus,node_layer_latency,deprecated,output_features_per_sc,mac_computation_utilization,apu_activation_utilization,subcluster_utilization,buffers_num,buffer_size,context,did_reach_fps,latency,l2_weights,ops,l2_data_usage,input_activation_bits,input_range_min,input_range_max,kernel_range_min,kernel_range_max,output_range_min,output_range_max,output_activation_bits,weights_bits,bias_bits,active_mac_util,width_align_util,feature_align_util,balance_fps_util,mac_layers_util,effective_mac_util,is_4bit_enhanced,is_smuffer_in,is_smuffer_out
normalization1,normalization,640,640,3,3,1,1,,,input_layer1,conv1,0,2457600,,1509.53,264983,,3.0,3.0,3.0,8,1,3.0,,,1,1,False,,False,combined (SPATIAL_W),2446.1520385742188,5218.45751953125,,2.0,0.0,3.0,1.2405425,0,3,0.5474504828453064,0.48304382960001624,0.23782033295990124,25.0,7040,yolov11s_context_0,False,0.0012424725,0,4915200,0,8,0.0,255.0,0.003921568859368563,0.003921568859368563,0.0,1.0,8,8,16,0.38643988966941833,1.0,0.375,0.5274973125771389,0.6666666666666666,0.0764422512274591,False,False,False
conv1,conv,640,640,32,3,3,3,2,2,normalization1,conv2,896.0,91750400,,804.0,497514,120960,14.0,5.0,5.0,32,1,11.0,,1,1,1,False,,False,combined (SPATIAL_W),2894.613250732422,2674.4595947265625,,12.0,0.0,5.0,1.2436375000000002,0,32,0.34339045626776554,0.5279273271560669,0.28451986782951283,152.0,21152,yolov11s_context_0,False,0.0012510075,0,176947200,20480,8,0.0,1.0,-23.77213478088379,23.87229347229004,-0.5027056932449341,63.59226989746094,8,8,16,0.2528723829544502,1.0,1.0,0.9406166953956305,0.8571428571428571,0.23787340711635094,False,False,False
conv2,conv,320,320,64,32,3,3,2,2,conv1,conv_feature_splitter1_1 conv_feature_splitter1_2,18496.0,473497600,,911.3,438932,184320,44.0,9.0,9.0,64,1,20.0,,1,1,1,False,,False,combined (SPATIAL_W),8871.377899169922,1435.0758361816406,,40.0,0.0,9.0,1.2430925000000002,0,128,0.4704201113093983,0.43496284551090664,0.38800957580457573,97.0,39168,yolov11s_context_0,False,0.001268795,0,943718400,20480,8,-0.5027056932449341,63.59226989746094,-0.4391942024230957,0.5974390506744385,-0.2997041344642639,76.12484741210938,8,8,16,0.4314492596182045,1.0,1.0,0.8568761283825678,0.9090909090909091,0.3697336526605151,False,False,False
conv_feature_splitter1_1,conv,160,160,32,64,1,1,1,1,conv2,concat1,2080.0,53248000.0,,1158.41,345301,204800.0,4,1,2,8,2,2,0.0,1,1,1,True,,False,,1304.6143798828125,652.3071899414062,yolov11s/conv_feature_splitter1_1,2,0,1,1.240805,0,8,0.6023730039596558,0.2965528666973114,0.4140621902302685,12,5120,yolov11s_context_0,False,0.0012741875,0,104857600.0,1024,8,-0.2997041344642639,76.12484741210938,-0.6274595856666565,0.4963902533054352,-0.5969250202178955,24.772388458251953,8,8,16,0.6023730039596558,1.0,1.0,0.6873850380220567,1.0,0.4140621902302685,False,False,False
conv_feature_splitter1_2,conv,160,160,32,64,1,1,1,1,conv2,conv4 ew_add1 concat1,2080.0,53248000.0,,860.25,464981,409600.0,2,1,1,16,2,2,0.0,1,1,1,False,,False,,1304.6143798828125,652.3071899414062,yolov11s/conv_feature_splitter1_2,2,0,1,1.2428350000000001,0,16,0.894660234451294,0.2202240526676178,0.8281243987645759,2,5120,yolov11s_context_0,False,0.0012762175,0,104857600.0,512,8,-0.2997041344642639,76.12484741210938,-0.7445284724235535,0.39532485604286194,-0.3962240517139435,16.44329833984375,8,8,16,0.894660234451294,1.0,1.0,0.9256300513596368,1.0,0.8281243987645759,False,False,False
conv4,conv,160,160,16,32,3,3,1,1,conv_feature_splitter1_2,conv5,4624.0,118374400,,1271.39,314617,230400,10.0,4.0,6.0,32,1,5.0,,1,1,1,False,,False,combined (SPATIAL_W),1532.921890258789,358.7689514160156,,4.0,0.0,4.0,1.244205,0,64,0.7714413046836852,0.48011861741542816,0.40540669067408497,84.0,7936,yolov11s_context_0,False,0.0012878325,0,235929600,15360,8,-0.3962240517139435,16.44329833984375,-0.6441296935081482,0.5242372155189514,-0.28298506140708923,10.025755882263184,8,8,16,0.7445996236392682,1.0,1.0,0.6258247736134275,0.8,0.4659891624812721,False,False,False
conv5,conv,160,160,32,16,3,3,1,1,conv4,ew_add1,4640.0,118784000.0,,1171.19,341532,230400.0,8,1,2,4,1,1,0.0,1,1,1,True,,False,,326.1535949707031,652.3071899414062,yolov11s/conv5,4,0,1,1.2424300000000001,0,4,0.6877539753913879,0.2998254895210266,0.4675916525129823,6,5120,yolov11s_context_0,False,0.0012986925,0,235929600.0,30720,8,-0.28298506140708923,10.025755882263184,-0.719193160533905,0.6813554167747498,-0.28684112429618835,17.99928092956543,8,8,16,0.6877539753913879,1.0,1.0,0.6798821515308358,1.0,0.4675916525129823,False,False,False
ew_add1,ew_add,160,160,32,32,,,,,conv_feature_splitter1_2 conv5,concat1,0,409600.0,,1285.27,311219,,1,1,1,32,0,1,0.0,,,,False,,False,,652.3071899414062,0.0,yolov11s/ew_add1,1,0,1,1.23488,0,32,0.6580575108528137,0.32902875542640686,0.40769200236911624,6,5120,yolov11s_context_0,False,0.001304195,0,819200.0,0,8,N/A,N/A,N/A,N/A,-0.7459473609924316,30.956815719604492,8,8,16,0.6580575108528137,1.0,1.0,0.6195385595413465,1.0,0.40769200236911624,False,False,False
concat1,concat,160|160|160,160|160|160,96,32|32|32,,,,,conv_feature_splitter1_1 conv_feature_splitter1_2 ew_add1,conv6,0,0,,1287.23,310745,,1,1,1,96,0,2,1,,,,False,,False,,652.3071899414062,0.0,yolov11s/concat1,0,0,1,1.2348725,0,96,0.9885919094085693,0.9885919094085693,0.6115379879945174,2,15360,yolov11s_context_0,False,0.0013090475,0,0,0,8,-0.5969250202178955,24.772388458251953,N/A,N/A,-0.7459473609924316,30.956815719604492,8,8,8,0.9885919094085693,1.0,1.0,0.6185949755145917,0.0,0.6115379879945174,False,False,False
conv6,conv,160,160,128,96,1,1,1,1,concat1,conv7,12416.0,317849600,,807.46,495379,307200,18.0,4.0,6.0,128,4,11.0,,1,1,1,False,,False,combined (SPATIAL_W),5218.4576416015625,2609.228759765625,,8.0,0.0,4.0,1.24309,0,192,0.716786887910631,0.6828030645847321,0.6285251643427145,11.0,48640,yolov11s_context_0,False,0.00133396,0,629145600,8192,8,-0.7459473609924316,30.956815719604492,-0.7571820616722107,0.5643158555030823,-0.27876293659210205,13.93814754486084,8,8,16,0.69282466173172,1.0,1.0,0.8918680574909423,0.8888888888888888,0.6179081852404883,False,False,False
conv7,conv,160,160,128,128,3,3,2,2,conv6,conv_feature_splitter2_1 conv_feature_splitter2_2,147584.0,944537600,,796.27,502340,368640,44.0,9.0,9.0,128,2,23.0,,1,1,1,False,,False,combined (SPATIAL_W),8479.993545532227,782.7686309814453,,40.0,0.0,9.0,1.2495850000000002,0,512,0.768643893301487,0.37682763528492713,0.7186802184550498,90.0,49152,yolov11s_context_0,False,0.0013708225,0,1887436800,20480,8,-0.27876293659210205,13.93814754486084,-0.15375539660453796,0.2004622220993042,-0.28907135128974915,10.241385459899902,8,8,16,0.7657771949741291,1.0,1.0,0.9668574821420464,0.9090909090909091,0.7406059702191568,False,False,False
conv_feature_splitter2_1,conv,80,80,64,128,1,1,1,1,conv7,concat2,8256.0,52838400.0,,917.72,435861,409600.0,2,1,1,32,4,1,0.0,1,1,1,False,,False,,652.3071899414062,326.1535949707031,yolov11s/conv_feature_splitter2_1,2,0,1,1.2459974999999999,0,32,0.9470909237861633,0.11746864020824432,0.8217541846804174,6,5120,yolov11s_context_0,False,0.00138444,0,104857600.0,1024,8,-0.28907135128974915,10.241385459899902,-0.7969756722450256,0.8282168507575989,-0.43456536531448364,10.646851539611816,8,8,16,0.9470909237861633,1.0,1.0,0.8676613449058406,1.0,0.8217541846804174,False,False,False
conv_feature_splitter2_2,conv,80,80,64,128,1,1,1,1,conv7,conv9 ew_add2 concat2,8256.0,52838400.0,,815.36,490581,409600.0,2,1,2,32,8,15,0.0,1,1,1,True,,False,,652.3071899414062,326.1535949707031,yolov11s/conv_feature_splitter2_2,1,0,1,1.2477075,0,32,0.8414512872695923,0.10436604917049408,0.8217542181789302,15,5120,yolov11s_context_0,False,0.00138615,0,104857600.0,2048,8,-0.28907135128974915,10.241385459899902,-0.6643392443656921,0.8383550643920898,-0.3419436812400818,8.377620697021484,8,8,16,0.8414512872695923,1.0,1.0,0.9765915515387984,1.0,0.8217542181789302,False,False,False
conv9,conv,80,80,32,64,3,3,1,1,conv_feature_splitter2_2,conv10,18464.0,118169600.0,,1237.21,323308,230400.0,8,1,2,4,1,1,0.0,1,1,1,True,,False,,326.1535949707031,163.07679748535156,yolov11s/conv9,4,0,1,1.2504925,0,4,0.731701672077179,0.07918146252632141,0.4709260743638344,128,256,yolov11s_context_0,False,0.0014042625,0,235929600.0,10240,8,-0.3419436812400818,8.377620697021484,-0.46696892380714417,0.37830331921577454,-0.27903828024864197,8.615306854248047,8,8,16,0.731701672077179,1.0,1.0,0.643603933590795,1.0,0.4709260743638344,False,False,True
conv10,conv,80,80,64,32,3,3,1,1,conv9,ew_add2,18496.0,118374400.0,,1007.80,396904,307200.0,6,1,2,12,3,1,0.0,1,1,1,True,,False,,163.07679748535156,366.9228210449219,yolov11s/conv10,3,0,1,1.254705,0,11,0.8955692052841187,0.14512325823307037,0.707598439013592,5,5760,yolov11s_context_0,False,0.00142608,0,235929600.0,34560,8,-0.27903828024864197,8.615306854248047,-0.4188659191131592,0.5894264578819275,-0.3027341067790985,10.72543716430664,8,8,16,0.8955692052841187,1.0,0.8888888888888888,0.7901102838714814,1.0,0.628976390234304,False,True,False
ew_add2,ew_add,80,80,64,64,,,,,conv_feature_splitter2_2 conv10,concat2,0,204800.0,,2559.85,156259,,1,1,1,64,0,1,0.0,,,,False,,False,,326.1535949707031,0.0,yolov11s/ew_add2,1,0,1,1.22991,0,64,0.655322253704071,0.3276611268520355,0.20384600079934792,6,5120,yolov11s_context_0,False,0.00143096,0,409600.0,0,8,-0.3419436812400818,8.377620697021484,N/A,N/A,-0.6594992876052856,16.157733917236328,8,8,16,0.655322253704071,1.0,1.0,0.3110622287693594,1.0,0.20384600079934792,False,False,False
concat2,concat,80|80|80,80|80|80,192,64|64|64,,,,,conv_feature_splitter2_1 conv_feature_splitter2_2 ew_add2,conv11,0,0,,2418.51,165391,,1,1,1,192,0,1,1,,,,False,,False,,326.1535949707031,0.0,yolov11s/concat2,0,0,1,1.2404475,0,192,0.9287083148956299,0.9287083148956299,0.3057689949215733,21,1536,yolov11s_context_0,False,0.0014463775,0,0,0,8,N/A,N/A,N/A,N/A,-0.6594992876052856,16.157733917236328,8,8,8,0.9287083148956299,1.0,1.0,0.32924115141139465,0.0,0.3057689949215733,False,False,True
conv11,conv,80,80,256,192,1,1,1,1,concat2,conv12 concat11,49408.0,316211200,,806.29,496101,307200,17.0,3.0,5.0,256,4,10.0,,1,1,1,False,,False,combined (NORMAL),2609.2288208007812,1304.6143798828125,,8.0,0.0,3.0,1.24821,0,256,0.6424459990333108,0.45837975541750586,0.602544770952032,10.0,22528,yolov11s_context_0,False,0.0014560025,0,629145600,0,8,-0.6594992876052856,16.157733917236328,-0.5206267833709717,0.6167488098144531,-0.30701473355293274,12.741111755371094,8,8,16,0.6224538683891296,1.0,1.0,0.9875801250149301,0.9411764705882353,0.6147230691597635,False,True,False
conv12,conv,80,80,256,256,3,3,2,2,conv11,conv_feature_splitter3_1 conv_feature_splitter3_2,590080.0,944128000,,978.08,408966,368640,46.0,11.0,11.0,256,4,15.0,,1,1,1,False,,False,combined (SPATIAL_W),4827.073188781738,456.61502838134766,,120.0,0.0,11.0,1.2483225,0,768,0.9044335043948629,0.39058559387922287,0.6747482572896282,120.0,55296,yolov11s_context_0,False,0.0015031775,0,1887436800,20480,8,-0.30701473355293274,12.741111755371094,-0.2864057123661041,0.32141998410224915,-0.29359543323516846,10.401666641235352,8,8,16,0.9357838346534385,1.0,1.0,0.7975391082286294,0.8695652173913043,0.7464028253797637,False,False,False
conv_feature_splitter3_1,conv,40,40,128,256,1,1,1,1,conv12,concat4,32896.0,52633600.0,,909.54,439781,409600.0,2,1,1,64,8,2,0.0,1,1,1,False,,False,,326.1535949707031,163.07679748535156,yolov11s/conv_feature_splitter3_1,2,0,1,1.2440875,0,64,0.9350108504295349,0.058210790157318115,0.8185691101898142,64,1024,yolov11s_context_0,False,0.0015306775,0,104857600.0,0,8,-0.29359543323516846,10.401666641235352,-0.6224967837333679,0.8200884461402893,-0.4031870365142822,16.732261657714844,8,8,16,0.9350108504295349,1.0,1.0,0.8754648246207747,1.0,0.8185691101898142,False,False,True
conv_feature_splitter3_2,conv,40,40,128,256,1,1,1,1,conv12,conv14 conv15 concat4,32896.0,52633600.0,,909.54,439781,409600.0,2,1,1,64,8,1,0.0,1,1,1,False,,False,,326.1535949707031,163.07679748535156,yolov11s/conv_feature_splitter3_2,2,0,1,1.2440875,0,64,0.9350108504295349,0.058210790157318115,0.8185691101898142,32,1024,yolov11s_context_0,False,0.0015306775,0,104857600.0,0,8,-0.29359543323516846,10.401666641235352,-0.7169447541236877,0.913110613822937,-0.307898610830307,12.777792930603027,8,8,16,0.9350108504295349,1.0,1.0,0.8754648246207747,1.0,0.8185691101898142,False,False,True
conv14,conv,40,40,64,128,1,1,1,1,conv_feature_splitter3_2,conv16 ew_add3,8256.0,13209600.0,,1843.48,216981,204800.0,1,1,1,64,8,1,0.0,1,1,1,False,,False,,163.07679748535156,81.53839874267578,yolov11s/conv14,1,0,1,1.241425,0,64,0.9512353539466858,0.058991339057683945,0.410877091879416,12,2560,yolov11s_context_0,False,0.001533535,0,26214400.0,1024,8,-0.307898610830307,12.777792930603027,-0.3694630563259125,0.4158780872821808,-0.2821534276008606,9.996293067932129,8,8,16,0.9512353539466858,1.0,1.0,0.43194051837400965,1.0,0.410877091879416,False,True,False
conv15,conv,40,40,64,128,1,1,1,1,conv_feature_splitter3_2,concat3,8256.0,13209600.0,,1843.48,216981,204800.0,1,1,1,64,8,1,0.0,1,1,1,False,,False,,163.07679748535156,81.53839874267578,yolov11s/conv15,1,0,1,1.241425,0,64,0.9512353539466858,0.058991339057683945,0.410877091879416,12,2560,yolov11s_context_0,False,0.001533535,0,26214400.0,1024,8,-0.307898610830307,12.777792930603027,-0.5677380561828613,0.7443827986717224,-0.5950453281402588,13.199187278747559,8,8,16,0.9512353539466858,1.0,1.0,0.43194051837400965,1.0,0.410877091879416,False,True,False
conv16,conv,40,40,64,64,3,3,1,1,conv14,conv17,36928.0,59084800.0,,1032.30,387483,307200.0,3,1,1,24,3,1,0.0,1,1,1,False,,False,,81.53839874267578,91.73070526123047,yolov11s/conv16,3,0,1,1.2625825,0,22,0.9380927681922913,0.03716292232275009,0.7236035356480741,56,576,yolov11s_context_0,False,0.00157953,0,117964800.0,11520,8,-0.2821534276008606,9.996293067932129,-0.518927276134491,0.30683958530426025,-0.3052605092525482,9.424918174743652,8,8,16,0.9380927681922913,1.0,0.8888888888888888,0.7713560536688298,1.0,0.643203142798288,False,False,True
conv17,conv,40,40,64,64,3,3,1,1,conv16,ew_add3,36928.0,59084800.0,,1052.14,380177,307200.0,3,1,1,24,3,1,0.0,1,1,1,False,,False,,81.53839874267578,91.73070526123047,yolov11s/conv17,3,0,1,1.2582674999999999,0,22,0.9561204314231873,0.03787709400057793,0.7236035299939744,11,2880,yolov11s_context_0,False,0.00161106,0,117964800.0,17280,8,-0.3052605092525482,9.424918174743652,-0.36509305238723755,0.4548107981681824,-0.30471229553222656,12.645560264587402,8,8,16,0.9561204314231873,1.0,0.8888888888888888,0.7568121192817614,1.0,0.6432031377724216,False,True,False
ew_add3,ew_add,40,40,64,64,,,,,conv14 conv17,conv18 ew_add4,0,51200.0,,10065.68,39739,,1,1,1,64,0,2,0.0,,,,False,,False,,81.53839874267578,0.0,yolov11s/ew_add3,1,0,1,1.2018875,0,64,0.6442034244537354,0.3221017122268677,0.05096149994897278,24,2560,yolov11s_context_0,False,0.00161354,0,102400.0,0,8,N/A,N/A,N/A,N/A,-0.9408937692642212,12.388434410095215,8,8,16,0.6442034244537354,1.0,1.0,0.07910777561014452,1.0,0.05096149994897278,False,False,False
conv18,conv,40,40,64,64,3,3,1,1,ew_add3,conv19,36928.0,59084800.0,,1032.30,387483,307200.0,3,1,1,24,3,1,0.0,1,1,1,False,,False,,81.53839874267578,91.73070526123047,yolov11s/conv18,3,0,1,1.2464075,0,22,0.9380927681922913,0.03716292232275009,0.7236035356480741,56,576,yolov11s_context_0,False,0.00166054,0,117964800.0,11520,8,-0.9408937692642212,12.388434410095215,-0.2853234112262726,0.20462937653064728,-0.29243749380111694,10.360642433166504,8,8,16,0.9380927681922913,1.0,0.8888888888888888,0.7713560536688298,1.0,0.643203142798288,False,False,True
conv19,conv,40,40,64,64,3,3,1,1,conv18,ew_add4,36928.0,59084800.0,,1052.14,380177,307200.0,3,1,1,24,3,1,0.0,1,1,1,False,,False,,81.53839874267578,91.73070526123047,yolov11s/conv19,3,0,1,1.2420925,0,22,0.9561204314231873,0.03787709400057793,0.7236035299939744,11,2880,yolov11s_context_0,False,0.00169207,0,117964800.0,17280,8,-0.29243749380111694,10.360642433166504,-0.5058593153953552,0.6018107533454895,-0.31888818740844727,20.01023292541504,8,8,16,0.9561204314231873,1.0,0.8888888888888888,0.7568121192817614,1.0,0.6432031377724216,False,True,False
ew_add4,ew_add,40,40,64,64,,,,,ew_add3 conv19,concat3,0,51200.0,,10065.68,39739,,1,1,1,64,0,1,0.0,,,,False,,False,,81.53839874267578,0.0,yolov11s/ew_add4,1,0,1,1.1857125,0,64,0.6442034244537354,0.3221017122268677,0.05096149994897278,12,2560,yolov11s_context_0,False,0.00169455,0,102400.0,0,8,-0.9408937692642212,12.388434410095215,N/A,N/A,-1.4545912742614746,32.265480041503906,8,8,16,0.6442034244537354,1.0,1.0,0.07910777561014452,1.0,0.05096149994897278,False,False,False
concat3,concat,40|40,40|40,128,64|64,,,,,ew_add4 conv15,conv20,0,0,,13953.33,28667,,1,1,1,128,0,1,1,,,,False,,False,,81.53839874267578,0.0,yolov11s/concat3,0,0,1,1.2222375,0,128,0.8930128812789917,0.8930128812789917,0.050961500711917934,32,1024,yolov11s_context_0,False,0.001733555,0,0,0,8,-1.4545912742614746,32.265480041503906,N/A,N/A,-1.4545912742614746,32.265480041503906,8,8,8,0.8930128812789917,1.0,1.0,0.057066926782657165,0.0,0.050961500711917934,False,False,True
conv20,conv,40,40,128,128,1,1,1,1,concat3,concat4,16512.0,26419200.0,,901.18,443861,409600.0,1,1,1,128,8,1,0.0,1,1,1,False,,False,,163.07679748535156,163.07679748535156,yolov11s/conv20,1,0,1,1.23399,0,128,0.9300208687782288,0.057675715535879135,0.8217541761292618,32,1024,yolov11s_context_0,False,0.001745665,0,52428800.0,0,8,-1.4545912742614746,32.265480041503906,-0.33269044756889343,0.5301470756530762,-0.3487105965614319,14.471489906311035,8,8,16,0.9300208687782288,1.0,1.0,0.8835868137118287,1.0,0.8217541761292618,False,True,True
concat4,concat,40|40|40,40|40|40,384,128|128|128,,,,,conv_feature_splitter3_1 conv_feature_splitter3_2 conv20,conv21,0,0,,4958.78,80665,,1,1,1,384,0,2,1,,,,False,,False,,163.07679748535156,0.0,yolov11s/concat4,0,0,1,1.23133,0,384,0.9520857930183411,0.9520857930183411,0.15288450152053287,2,3072,yolov11s_context_0,False,0.0017485725,0,0,0,8,-0.4031870365142822,16.732261657714844,N/A,N/A,-0.4031870365142822,16.732261657714844,8,8,8,0.9520857930183411,1.0,1.0,0.1605784926543775,0.0,0.15288450152053287,False,True,True
conv21,conv,40,40,256,384,1,1,1,1,concat4,conv22 concat9,98560.0,157696000.0,,833.44,479941,409600.0,6,1,1,48,6,2,0.0,1,1,1,False,,False,,489.23040771484375,366.9228210449219,yolov11s/conv21,6,0,1,1.24176,0,43,0.962618350982666,0.1200147494673729,0.9196958513934222,2,11520,yolov11s_context_0,False,0.0017600075,0,314572800.0,4608,8,-0.4031870365142822,16.732261657714844,-0.327562540769577,0.4985724687576294,-0.37391427159309387,18.69571304321289,8,8,16,0.962618350982666,1.0,0.8888888888888888,0.9554106780268344,1.0,0.8175074234608197,False,True,False
conv22,conv,40,40,512,256,3,3,2,2,conv21,conv_feature_splitter4_1 conv_feature_splitter4_2,1180160.0,472064000,,834.24,479480,307800,26.0,5.0,5.0,512,3,6.0,,1,1,1,False,,False,combined (NORMAL),1141.8560943603516,183.4614028930664,,48.0,0.0,5.0,1.2480475,0,512,0.9011375491435711,0.4083512738347054,0.7917432485847324,28.0,34320,yolov11s_context_0,False,0.0018027775,0,943718400,27648,8,-0.37391427159309387,18.69571304321289,-0.12050517648458481,0.2623263895511627,-0.30192098021507263,12.529720306396484,8,8,16,0.8941624164581299,1.0,0.888888888888889,0.9544929728868894,0.9230769230769231,0.7586415494478623,False,False,False
conv_feature_splitter4_1,conv,20,20,256,512,1,1,1,1,conv22,concat6,131328.0,52531200.0,,1575.54,253881,204800.0,4,1,1,64,8,1,0.0,1,1,1,False,,False,,163.07679748535156,81.53839874267578,yolov11s/conv_feature_splitter4_1,4,0,1,1.2123,0,64,0.9699032306671143,0.06050078570842743,0.4901859340386941,5,6144,yolov11s_context_0,False,0.0018345075,0,104857600.0,4096,8,-0.30192098021507263,12.529720306396484,-0.34474560618400574,0.6152917146682739,-0.37383490800857544,15.514148712158203,8,8,16,0.9699032306671143,0.8333333333333334,1.0,0.5053967432416291,1.0,0.40848827836557844,False,False,False
conv_feature_splitter4_2,conv,20,20,256,512,1,1,1,1,conv22,conv24 conv25 concat6,131328.0,52531200.0,,1514.21,264165,204800.0,4,1,1,64,8,5,0.0,1,1,1,False,,False,,185.1295166015625,92.56475830078125,yolov11s/conv_feature_splitter4_2,4,0,1,1.0673475,0,64,0.9321447014808655,0.05814547836780548,0.5564733301544919,26,6144,yolov11s_context_1,False,0.00107507,0,104857600.0,4096,8,-0.30192098021507263,12.529720306396484,-0.3819773197174072,0.5398100018501282,-0.41448646783828735,17.201187133789062,8,8,16,0.9321447014808655,0.8333333333333334,1.0,0.5969817017362672,1.0,0.4637277751287432,False,False,False
conv24,conv,20,20,128,256,1,1,1,1,conv_feature_splitter4_2,conv26 ew_add5,32896.0,13158400.0,,1574.92,253981,204800.0,1,1,1,128,8,8,0.0,1,1,1,False,,False,,92.56475830078125,46.282379150390625,yolov11s/conv24,1,0,1,1.0660775,0,128,0.9714112281799316,0.030238483101129532,0.5575580510425224,8,3072,yolov11s_context_1,False,0.00110681,0,26214400.0,1024,8,-0.41448646783828735,17.201187133789062,-0.48503097891807556,0.4696933627128601,-0.2846676707267761,17.862895965576172,8,8,16,0.9714112281799316,0.8333333333333334,1.0,0.5739670644812102,1.0,0.464631709202102,False,False,False
conv25,conv,20,20,128,256,1,1,1,1,conv_feature_splitter4_2,concat5,32896.0,13158400.0,,1583.02,252681,204800.0,1,1,1,128,8,9,0.0,1,1,1,False,,False,,92.56475830078125,46.282379150390625,yolov11s/conv25,1,0,1,1.0659174999999999,0,128,0.9764090180397034,0.0303940549492836,0.5575580780321181,9,3072,yolov11s_context_1,False,0.00110665,0,26214400.0,1024,8,-0.41448646783828735,17.201187133789062,-0.30959704518318176,0.39278799295425415,-0.6188022494316101,11.519241333007812,8,8,16,0.9764090180397034,0.8333333333333334,1.0,0.5710292180130666,1.0,0.4646317316934317,False,False,False
conv26,conv,20,20,128,128,3,3,1,1,conv24,conv27,147584.0,59033600.0,,1566.99,255267,153600.0,6,1,1,24,3,1,0.0,1,1,1,False,,False,,46.282379150390625,52.06768035888672,yolov11s/conv26,6,0,1,1.09086,0,22,0.8942989110946655,0.033846914768218994,0.5158971395282768,28,1152,yolov11s_context_1,False,0.0011633325,0,117964800.0,13824,8,-0.2846676707267761,17.862895965576172,-0.4338812232017517,0.6485270857810974,-0.28243088722229004,14.121543884277344,8,8,16,0.8942989110946655,0.8333333333333334,0.8888888888888888,0.5768732726027738,1.0,0.38214602928020497,False,False,True
conv27,conv,20,20,128,128,3,3,1,1,conv26,ew_add5,147584.0,59033600.0,,1594.48,250865,153600.0,6,1,1,24,3,1,0.0,1,1,1,False,,False,,46.282379150390625,52.06768035888672,yolov11s/conv27,6,0,1,1.0753275,0,22,0.909991443157196,0.03444083407521248,0.5158971468711483,9,3456,yolov11s_context_1,False,0.001211385,0,117964800.0,20736,8,-0.28243088722229004,14.121543884277344,-0.3892233967781067,0.6773471832275391,-0.3343769907951355,16.718849182128906,8,8,16,0.909991443157196,0.8333333333333334,0.8888888888888888,0.5669252724852599,1.0,0.3821460347193691,False,True,False
ew_add5,ew_add,20,20,128,128,,,,,conv24 conv27,conv28 ew_add6,0,25600.0,,16639.63,24039,,1,1,1,128,0,2,0.0,,,,False,,False,,46.282379150390625,0.0,yolov11s/ew_add5,1,0,1,0.9838225,0,128,0.638961672782898,0.319480836391449,0.03471178517569019,20,3072,yolov11s_context_1,False,0.001214385,0,51200.0,0,8,-0.2846676707267761,17.862895965576172,N/A,N/A,-0.9090206623077393,20.16373062133789,8,8,16,0.638961672782898,0.8333333333333334,1.0,0.054325300959771845,1.0,0.028926487646408497,False,False,False
conv28,conv,20,20,128,128,3,3,1,1,ew_add5,conv29,147584.0,59033600.0,,1566.99,255267,153600.0,6,1,1,24,3,1,0.0,1,1,1,False,,False,,46.282379150390625,52.06768035888672,yolov11s/conv28,6,0,1,1.0405499999999999,0,22,0.8942989110946655,0.033846914768218994,0.5158971395282768,28,1152,yolov11s_context_1,False,0.0012741125,0,117964800.0,13824,8,-0.9090206623077393,20.16373062133789,-0.19418865442276,0.25761985778808594,-0.29559987783432007,12.26739501953125,8,8,16,0.8942989110946655,0.8333333333333334,0.8888888888888888,0.5768732726027738,1.0,0.38214602928020497,False,False,True
conv29,conv,20,20,128,128,3,3,1,1,conv28,ew_add6,147584.0,59033600.0,,1594.48,250865,153600.0,6,1,1,24,3,1,0.0,1,1,1,False,,False,,46.282379150390625,52.06768035888672,yolov11s/conv29,6,0,1,1.0250175,0,22,0.909991443157196,0.03444083407521248,0.5158971468711483,9,3456,yolov11s_context_1,False,0.001322165,0,117964800.0,20736,8,-0.29559987783432007,12.26739501953125,-0.36800238490104675,0.6261935234069824,-0.28510582447052,17.890390396118164,8,8,16,0.909991443157196,0.8333333333333334,0.8888888888888888,0.5669252724852599,1.0,0.3821460347193691,False,True,False
ew_add6,ew_add,20,20,128,128,,,,,ew_add5 conv29,concat5,0,25600.0,,16639.63,24039,,1,1,1,128,0,1,0.0,,,,False,,False,,46.282379150390625,0.0,yolov11s/ew_add6,1,0,1,0.9335125,0,128,0.638961672782898,0.319480836391449,0.03471178517569019,10,3072,yolov11s_context_1,False,0.001325165,0,51200.0,0,8,-0.9090206623077393,20.16373062133789,N/A,N/A,-1.511738657951355,28.1415958404541,8,8,16,0.638961672782898,0.8333333333333334,1.0,0.054325300959771845,1.0,0.028926487646408497,False,False,False
concat5,concat,20|20,20|20,256,128|128,,,,,ew_add6 conv25,conv30,0,0,,24469.32,16347,,1,1,1,256,0,1,1,,,,False,,False,,46.282379150390625,0.0,yolov11s/concat5,0,0,1,0.9757849999999999,0,256,0.9396219253540039,0.9396219253540039,0.03471178508921314,16,2048,yolov11s_context_1,False,0.0013704375,0,0,0,8,-1.511738657951355,28.1415958404541,N/A,N/A,-1.511738657951355,28.1415958404541,8,8,8,0.9396219253540039,0.8333333333333334,1.0,0.03694228939595617,0.0,0.02892648757434428,False,False,True
conv30,conv,20,20,256,256,1,1,1,1,concat5,concat6,65792.0,26316800.0,,1575.17,253941,204800.0,2,1,1,128,8,1,0.0,1,1,1,False,,False,,92.56475830078125,92.56475830078125,yolov11s/conv30,2,0,1,0.9957024999999999,0,128,0.9715642333030701,0.06048649176955223,0.557558046126935,5,6144,yolov11s_context_1,False,0.0013910325,0,52428800.0,2048,8,-1.511738657951355,28.1415958404541,-0.28035593032836914,0.519743025302887,-0.2792568802833557,11.589159965515137,8,8,16,0.9715642333030701,0.8333333333333334,1.0,0.5738766692052673,1.0,0.4646317051057792,False,True,False
concat6,concat,20|20|20,20|20|20,768,256|256|256,,,,,conv_feature_splitter4_1 conv_feature_splitter4_2 conv30,conv31,0,0,,8494.19,47091,,1,1,1,768,0,1,1,,,,False,,False,,92.56475830078125,0.0,yolov11s/concat6,0,0,1,1.0375675,0,768,0.9785309433937073,0.9785309433937073,0.1041353593672174,5,6144,yolov11s_context_1,False,0.001464635,0,0,0,8,N/A,N/A,N/A,N/A,-0.41448646783828735,17.201187133789062,8,8,8,0.9785309433937073,0.8333333333333334,1.0,0.10642009848565313,0.0,0.08677946613934784,False,False,True
conv31,conv,20,20,512,768,1,1,1,1,concat6,conv32,393728.0,157491200.0,,998.05,400781,307200.0,8,1,1,64,8,1,0.0,1,1,1,False,,False,,277.69427490234375,185.1295166015625,yolov11s/conv31,16,0,1,1.06707,0,64,0.9210017323493958,0.07665034383535385,0.8341675957629998,1,4096,yolov11s_context_1,False,0.001496095,0,314572800.0,0,8,-0.41448646783828735,17.201187133789062,-0.5388191938400269,0.5030580163002014,-0.3024611175060272,15.123055458068848,8,8,16,0.9210017323493958,0.8333333333333334,1.0,0.905717727191577,1.0,0.6951396631358332,False,True,True
conv32,conv,20,20,256,512,1,1,1,1,conv31,maxpool1 concat7,131328.0,52531200.0,,1544.40,259001,204800.0,4,1,1,64,8,4,0.0,1,1,1,False,,False,,185.1295166015625,92.56475830078125,yolov11s/conv32,4,0,1,1.06201,0,64,0.9507299065589905,0.05930478870868683,0.5564733108596028,21,6144,yolov11s_context_1,False,0.0015077525,0,104857600.0,4096,8,-0.3024611175060272,15.123055458068848,-0.44870299100875854,0.3919689655303955,-5.779653072357178,16.217533111572266,8,8,16,0.9507299065589905,0.8333333333333334,1.0,0.5853116716120416,1.0,0.463727759049669,False,True,False
maxpool1,maxpool,20,20,256,256,5,5,1,1,conv32,maxpool2 concat7,0,0,,1288.5,310439,,4.0,4.0,4.0,256,0,7.0,,,1,1,False,,False,combined (INPUT_FEATURES),231.41189575195312,92.56475830078125,,0.0,0.0,4.0,1.1154175,0,256,0.4837156757712364,0.7869314327836037,0.09897378824767436,55.0,14848,yolov11s_context_1,False,0.0016120575,0,0,0,8,-5.779653072357178,16.217533111572266,N/A,N/A,-5.779653072357178,16.217533111572266,8,8,8,0,0,0,0,0.0,0,False,False,False
maxpool2,maxpool,20,20,256,256,5,5,1,1,maxpool1,maxpool3 concat7,0,0,,1288.5,310439,,4.0,4.0,4.0,256,0,7.0,,,1,1,False,,False,combined (INPUT_FEATURES),231.41189575195312,92.56475830078125,,0.0,0.0,4.0,1.106225,0,256,0.4837156757712364,0.7869314327836037,0.09897378824767436,55.0,14848,yolov11s_context_1,False,0.0017419825,0,0,0,8,-5.779653072357178,16.217533111572266,N/A,N/A,-5.779653072357178,16.217533111572266,8,8,8,0,0,0,0,0.0,0,False,False,False
maxpool3,maxpool,20,20,256,256,5,5,1,1,maxpool2,concat7,0,0,,1288.5,310439,,4.0,4.0,4.0,256,0,5.0,,,1,1,False,,False,combined (INPUT_FEATURES),231.41189575195312,92.56475830078125,,0.0,0.0,4.0,1.08007,0,256,0.6042983084917068,0.9075140655040741,0.09897378788588845,45.0,14848,yolov11s_context_1,False,0.0018699875,0,0,0,8,-5.779653072357178,16.217533111572266,N/A,N/A,-5.779653072357178,16.217533111572266,8,8,8,0,0,0,0,0.0,0,False,False,False
concat7,concat,20|20|20|20,20|20|20|20,1024,256|256|256|256,,,,,conv32 maxpool1 maxpool2 maxpool3,conv33,0,0,,6402.56,62475,,1,1,1,1024,0,2,1,,,,False,,False,,92.56475830078125,0.0,yolov11s/concat7,0,0,1,0.9543499999999999,0,1024,0.9834333658218384,0.9834333658218384,0.13884714278548377,8,8192,yolov11s_context_1,False,0.0018945025,0,0,0,8,-5.779653072357178,16.217533111572266,N/A,N/A,-5.779653072357178,16.217533111572266,8,8,8,0.9834333658218384,0.8333333333333334,1.0,0.14118612161328448,0.0,0.11570595232123647,False,False,True
conv33,conv,20,20,512,1024,1,1,1,1,concat7,conv_feature_splitter5_1 conv_feature_splitter5_2,524800.0,209920000,,1526.36,262061,204800,17.0,3.0,3.0,512,4,4.0,,1,1,1,False,,False,combined (NORMAL),833.0828247070312,185.1295166015625,,16.0,0.0,3.0,0.9710125000000001,0,512,0.9405011289259967,0.36211345096429187,0.5273128514256946,48.0,8192,yolov11s_context_1,False,0.0019150775,0,419430400,0,8,-5.779653072357178,16.217533111572266,-0.1845802664756775,0.13703857362270355,-0.2799239158630371,6.858136177062988,8,8,16,0.9387127161026001,0.8333333333333335,1.0,0.5922269102216717,0.9411764705882353,0.46327577620269683,False,True,True
conv_feature_splitter5_1,conv,20,20,256,512,1,1,1,1,conv33,concat8,131328.0,52531200.0,,1523.57,262541,204800.0,4,1,1,64,8,5,0.0,1,1,1,False,,False,,185.1295166015625,92.56475830078125,yolov11s/conv_feature_splitter5_1,4,0,1,0.9711925,0,64,0.9379106760025024,0.05850514769554138,0.5564733340452858,80,2048,yolov11s_context_1,False,0.001926195,0,104857600.0,0,8,-0.2799239158630371,6.858136177062988,-1.392746925354004,1.2562705278396606,-5.022583484649658,14.989272117614746,8,8,16,0.9379106760025024,0.8333333333333334,1.0,0.5933116535329863,1.0,0.4637277783710715,False,True,True
conv_feature_splitter5_2,conv,20,20,256,512,1,1,1,1,conv33,format_conversion1 conv36,131328.0,52531200.0,,1485.40,269287,204800.0,4,1,1,64,8,8,0.0,1,1,1,False,,False,,185.1295166015625,92.56475830078125,yolov11s/conv_feature_splitter5_2,4,0,1,0.9748175,0,64,0.9144147038459778,0.05703951418399811,0.5564733014265997,41,6144,yolov11s_context_1,False,0.00192982,0,104857600.0,4096,8,-0.2799239158630371,6.858136177062988,-1.4429515600204468,1.2336310148239136,-0.3056025505065918,10.827061653137207,8,8,16,0.9144147038459778,0.8333333333333334,1.0,0.6085568168207529,1.0,0.46372775118883314,False,True,False
conv_feature_splitter6_1,conv,20,20,128,256,1,1,1,1,format_conversion1,matmul1,32896.0,13158400.0,,1583.02,252681,204800.0,1,1,1,128,8,1,0.0,1,1,1,False,,False,,92.56475830078125,46.282379150390625,yolov11s/conv_feature_splitter6_1,1,0,1,0.9716250000000001,0,128,0.9764090180397034,0.0303940549492836,0.5575580780321181,10,3072,yolov11s_context_1,False,0.0019614,0,26214400.0,1024,8,-0.3056025505065918,10.827061653137207,-0.041696470230817795,0.03992415592074394,-1.6464799642562866,1.8233745098114014,8,8,16,0.9764090180397034,0.8333333333333334,1.0,0.5710292180130666,1.0,0.4646317316934317,False,False,False
conv_feature_splitter6_2,conv,20,20,132,256,1,1,1,1,format_conversion1,matmul1,33924.0,13569600.0,,1476.99,270821,211200.0,1,1,1,136,1,1,0.0,1,1,1,False,,False,,92.56475830078125,49.17503356933594,yolov11s/conv_feature_splitter6_2,2,0,1,0.9742775,0,132,0.9679456353187561,0.030130602419376373,0.5924054519710934,10,3264,yolov11s_context_1,False,0.0019640525,0,27033600.0,128,8,-0.3056025505065918,10.827061653137207,-0.39642226696014404,0.3144695460796356,-11.529685020446777,11.43960952758789,8,8,16,0.9679456353187561,0.8333333333333334,0.9705882352941176,0.6120234756531623,1.0,0.47915146850603146,False,False,False
conv_feature_splitter6_3,conv,20,20,256,256,1,1,1,1,format_conversion1,activation1 format_conversion2,65792.0,26316800.0,,1575.04,253961,204800.0,2,1,1,128,8,2,0.0,1,1,1,False,,False,,92.56475830078125,92.56475830078125,yolov11s/conv_feature_splitter6_3,2,0,1,0.971785,0,128,0.9714877605438232,0.0604817271232605,0.5575580691466684,10,6144,yolov11s_context_1,False,0.00196156,0,52428800.0,2048,8,-0.3056025505065918,10.827061653137207,-0.3060005009174347,0.3239346444606781,-12.923786163330078,11.131436347961426,8,8,16,0.9714877605438232,0.8333333333333334,1.0,0.5739218668432388,1.0,0.4646317242888903,False,False,False
activation1,activation,20,20,256,256,,,,,conv_feature_splitter6_3,matmul2,0,0,,9128.04,43821,,1,1,1,256,1,1,0.0,,,,False,,False,,92.56475830078125,92.56475830078125,yolov11s/activation1,1,0,1,0.9455174999999999,0,256,0.5111704468727112,0.3505168855190277,0.05062135487243888,5,6144,yolov11s_context_1,False,0.0019670325,0,0,0,8,-12.923786163330078,11.131436347961426,N/A,N/A,-12.8764009475708,12.77580451965332,8,8,8,0.5111704468727112,0.8333333333333334,1.0,0.09903028467732276,0.0,0.04218446239369907,False,False,False
matmul1,matmul,20|20,20|20,1600,128|132,,,,,conv_feature_splitter6_1 conv_feature_splitter6_2,reduce_max_softmax1 ew_sub_softmax1,0,20480000.0,,1380.92,289663,,2,1,1,960,3,8,1,4,,,False,,False,,46.282379150390625,694.2357177734375,yolov11s/matmul1,0,0,1,1.7254225,0,800,0.894832968711853,0.33141961693763733,0.5857613931177138,6,38400,yolov11s_context_1,False,0.002749045,0,40960000.0,768,8,N/A,N/A,N/A,N/A,-35.566837310791016,65.20586395263672,8,8,16,0.894832968711853,0.8333333333333334,0.8333333333333334,0.6546041703860556,1.0,0.4067787452206346,False,False,False
reduce_max_softmax1,reduce_max,20,20,4,1600,,,,,matmul1,ew_sub_softmax1,0,0,,4111.88,97279,,1,1,1,4,0,1,1,4,,,False,,False,,578.52978515625,0.0,yolov11s/reduce_max_softmax1,0,0,1,0.7737225,0,4,0.98685222864151,0.9969263672828674,0.21694865763019167,255,96,yolov11s_context_1,False,0.0027739975,0,0,0,8,-35.566837310791016,65.20586395263672,N/A,N/A,-35.566837310791016,65.20586395263672,8,8,8,0.98685222864151,0.8333333333333334,1.0,0.2198390512111837,0.0,0.18079054802515976,False,False,False
ew_sub_softmax1,ew_sub,20,20,1600,1600,,,,,matmul1 reduce_max_softmax1,reduce_sum_softmax1 ew_mult_softmax1,0,320000.0,,1782.86,224359,,1,1,1,1600,0,6,0.0,,,,False,,False,,578.52978515625,0.0,yolov11s/ew_sub_softmax1,1,0,1,0.8468675,0,1600,0.8557713031768799,0.42788565158843994,0.4338973105359345,4,38400,yolov11s_context_1,False,0.002859295,0,640000.0,0,8,-35.566837310791016,65.20586395263672,N/A,N/A,0.0,2.0,8,8,16,0.8557713031768799,0.8333333333333334,1.0,0.5070248428817109,1.0,0.36158109211327877,False,False,False
reduce_sum_softmax1,reduce_sum,20,20,4,1600,,,,,ew_sub_softmax1,ew_mult_softmax1,0,320000.0,,4132.27,96799,,1,1,1,4,0,1,1,4,,,False,,False,,578.52978515625,1.446324348449707,yolov11s/reduce_sum_softmax1,0,0,1,0.83092,0,4,0.9942251443862915,0.0024793643970042467,0.21749103335687064,255,96,yolov11s_context_1,False,0.0028713875,0,640000.0,0,8,0.0,2.0,N/A,N/A,0.0,0.996697187423706,8,8,8,0.9942251443862915,0.8333333333333334,1.0,0.21875430789986913,1.0,0.18124252779739222,False,False,False
ew_mult_softmax1,ew_mult,20,20,1600,1600,,,,,reduce_sum_softmax1 ew_sub_softmax1,matmul2,0,320000.0,,2079.23,192379,,1,1,1,1600,0,4,1,,,,False,,False,,1.446324348449707,0.0,yolov11s/ew_mult_softmax1,0,0,1,0.8761475000000001,0,1600,0.9980299472808838,0.9980299472808838,0.4338973318206041,3,38400,yolov11s_context_1,False,0.0029287075,0,640000.0,0,8,0.0,0.996697187423706,N/A,N/A,0.0,0.996697187423706,8,8,16,0.9980299472808838,0.8333333333333334,1.0,0.434753819765379,1.0,0.3615811098505034,False,False,False
matmul2,matmul,20|20,20|64,256,1600|80,,,,,ew_mult_softmax1 activation1,format_conversion3,0,40960000.0,,1026.11,389823,,2,1,1,128,4,1,1,4,,,False,,False,,578.52978515625,92.56475830078125,yolov11s/matmul2,0,0,1,2.0199625,0,128,0.9875251054763794,0.03940249979496002,0.8699641338485531,7,6144,yolov11s_context_1,False,0.0030508275,0,81920000.0,1024,8,0.0,0.996697187423706,N/A,N/A,-12.298971176147461,10.932418823242188,8,8,16,0.9875251054763794,0.8333333333333334,1.0,0.8809539413470251,1.0,0.724970111540461,False,False,False
dw1,dw,20,20,256,256,3,3,1,1,format_conversion2 format_conversion3,conv36,2560.0,204800,,1442.74,277250,14400,3.0,3.0,3.0,2304,1,6.0,,1,1,1,False,,True,combined (SUPER_DW),1037.6510009765625,11830.326183319092,,1.0,0.0,3.0,1.01359,0,2304,0.29128360748291016,0.02219303697347641,0.15186406832330282,12.0,67072,yolov11s_context_1,False,0.00307966,0,204800,0,8,-12.923786163330078,11.131436347961426,-1.8659968376159668,2.495439052581787,-10.389824867248535,12.449875831604004,8,8,16,0.8738508224487305,0.8333333333333334,1.0,0.5213615336462516,0.3333333333333333,0.37966017080825704,False,False,False
conv36,conv,20|20,20|20,256,256|256,1,1,1,1,dw1 conv_feature_splitter5_2,conv37 conv38,65792.0,26316800.0,,1289.57,310181,204800.0,2,1,1,128,8,2,0.0,1,1,1,False,,True,,92.56475830078125,92.56475830078125,yolov11s/conv36,2,0,1,0.9642999999999999,0,128,0.943964958190918,0.04951947554945946,0.6616934079168569,32,2048,yolov11s_context_1,False,0.003118445,0,52428800.0,0,8,N/A,N/A,-0.23327381908893585,0.16348177194595337,-8.667425155639648,12.790762901306152,8,8,16,0.943964958190918,0.8333333333333334,1.0,0.7009724271809555,1.0,0.5514111732640475,False,False,True
conv37,conv,20,20,512,256,1,1,1,1,conv36,conv38,131584.0,52633600.0,,1433.17,279101,204800.0,4,1,1,128,8,1,0.0,1,1,1,False,,False,,92.56475830078125,185.1295166015625,yolov11s/conv37,4,0,1,0.9630025,0,128,0.8839810490608215,0.11006768047809601,0.5575580502053653,8,4096,yolov11s_context_1,False,0.0031300925,0,104857600.0,0,8,-8.667425155639648,12.790762901306152,-0.2371233105659485,0.3394673466682434,-0.3116828203201294,9.623207092285156,8,8,16,0.8839810490608215,0.8333333333333334,1.0,0.6307352977733384,1.0,0.4646317085044711,False,True,True
conv38,conv,20|20,20|20,256,512|256,1,1,1,1,conv37 conv36,concat8,131328.0,52531200.0,,1233.50,324281,204800.0,4,1,1,64,8,1,0.0,1,1,1,False,,True,,185.1295166015625,92.56475830078125,yolov11s/conv38,4,0,1,0.966065,0,64,0.9488067626953125,0.04736632853746414,0.6953204756906733,16,2048,yolov11s_context_1,False,0.0031448025,0,104857600.0,0,8,-0.3116828203201294,9.623207092285156,-0.16357746720314026,0.1532071828842163,-10.769993782043457,32.141700744628906,8,8,16,0.9488067626953125,0.8333333333333334,1.0,0.7328367619508205,1.0,0.5794337297422277,False,True,True
concat8,concat,20|20,20|20,512,256|256,,,,,conv_feature_splitter5_1 conv38,conv39,0,0,,12618.69,31699,,1,1,1,512,0,1,1,,,,False,,False,,92.56475830078125,0.0,yolov11s/concat8,0,0,1,0.95385,0,512,0.9691157341003418,0.9691157341003418,0.06942357114502958,8,4096,yolov11s_context_1,False,0.0031461175,0,0,0,8,-5.022583484649658,14.989272117614746,N/A,N/A,-10.769993782043457,32.141700744628906,8,8,8,0.9691157341003418,0.8333333333333334,1.0,0.07163599630283321,0.0,0.05785297595419132,False,True,True
conv39,conv,20,20,512,512,1,1,1,1,concat8,resize1 concat15,262656.0,105062400.0,,1544.51,258981,204800.0,8,1,1,64,8,1,0.0,1,1,1,False,,False,,185.1295166015625,185.1295166015625,yolov11s/conv39,8,0,1,0.9641925,0,64,0.9508033394813538,0.11861874163150787,0.5564733179410226,2,12288,yolov11s_context_1,False,0.003157775,0,209715200.0,8192,8,-10.769993782043457,32.141700744628906,-0.14483435451984406,0.18335072696208954,-0.2825266122817993,14.126330375671387,8,8,16,0.9508033394813538,0.8333333333333334,1.0,0.5852664739740701,1.0,0.4637277649508522,False,True,False
resize1,resize,20,20,512,512,,,,,conv39,concat9,0,0,,1299.97,307699,,1,1,1,512,0,2,1,,,,False,,False,,185.1295166015625,0.0,yolov11s/resize1,0,0,1,0.9639675,0,512,0.3327927589416504,0.3327927589416504,0.23141190445577947,3,20480,yolov11s_context_1,False,0.0031962275,0,0,0,8,-0.2825266122817993,14.126330375671387,N/A,N/A,-0.2825266122817993,14.126330375671387,8,8,8,0.3327927589416504,0.8333333333333334,1.0,0.6953634003086998,0.0,0.19284325371314956,False,False,False
concat9,concat,40|40,40|40,768,512|256,,,,,resize1 conv21,conv_feature_splitter7_1 conv_feature_splitter7_2,0,0,,2543.45,157267,,1,1,1,768,0,2,1,,,,False,,False,,740.51806640625,0.0,yolov11s/concat9,0,0,1,0.9833050000000001,0,768,0.9766829609870911,0.9766829609870911,0.34711785787050614,10,6144,yolov11s_context_1,False,0.0032347925,0,0,0,8,-0.2825266122817993,14.126330375671387,N/A,N/A,-0.37391427159309387,18.69571304321289,8,8,8,0.9766829609870911,1.0,1.0,0.35540484654271964,0.0,0.34711785787050614,False,False,True
conv_feature_splitter7_1,conv,40,40,128,768,1,1,1,1,concat9,concat10,98432.0,157491200.0,,1266.06,315941,307200.0,8,1,1,16,2,2,0.0,1,1,1,False,,False,,1110.777099609375,185.1295166015625,yolov11s/conv_feature_splitter7_1,8,0,1,0.9874775,0,16,0.9735994935035706,0.08102778345346451,0.6951396665250734,12,5120,yolov11s_context_1,False,0.00324093,0,314572800.0,2048,8,-0.37391427159309387,18.69571304321289,-0.35370972752571106,0.5713706016540527,-0.37331926822662354,15.492749214172363,8,8,16,0.9735994935035706,1.0,1.0,0.71398934691673,1.0,0.6951396665250734,False,True,False
conv_feature_splitter7_2,conv,40,40,128,768,1,1,1,1,concat9,conv41 ew_add10 concat10,98432.0,157491200.0,,1245.71,321101,307200.0,8,1,1,16,2,3,0.0,1,1,1,False,,False,,1110.777099609375,185.1295166015625,yolov11s/conv_feature_splitter7_2,8,0,1,0.9881174999999999,0,16,0.9579540491104126,0.07972569018602371,0.6951396790592622,18,5120,yolov11s_context_1,False,0.00324157,0,314572800.0,2048,8,-0.37391427159309387,18.69571304321289,-0.2591826617717743,0.5134546160697937,-0.36438411474227905,15.121940612792969,8,8,16,0.9579540491104126,1.0,1.0,0.7256503375133615,1.0,0.6951396790592622,False,True,False
conv41,conv,40,40,64,128,3,3,1,1,conv_feature_splitter7_2,conv42,73792.0,118067200.0,,1287.12,310772,230400.0,8,1,2,8,2,1,0.0,1,1,1,True,,False,,185.1295166015625,92.56475830078125,yolov11s/conv41,4,0,1,1.004705,0,8,0.9349297881126404,0.04942530393600464,0.6566086858817076,64,512,yolov11s_context_1,False,0.00327854,0,235929600.0,12288,8,-0.36438411474227905,15.121940612792969,-0.35808032751083374,0.6910125613212585,-0.29717522859573364,14.85876178741455,8,8,16,0.9349297881126404,0.8333333333333334,1.0,0.7023080173830116,1.0,0.547173904901423,False,False,True
conv42,conv,40,40,128,64,3,3,1,1,conv41,ew_add10,73856.0,118169600.0,,1044.23,383057,307200.0,6,1,1,24,3,1,0.0,1,1,1,False,,False,,92.56475830078125,208.27072143554688,yolov11s/conv42,6,0,1,1.0172174999999999,0,22,0.948931872844696,0.07518463581800461,0.8214557626226171,5,5760,yolov11s_context_1,False,0.003317645,0,235929600.0,34560,8,-0.29717522859573364,14.85876178741455,-0.47654685378074646,0.5295785069465637,-0.3647732138633728,22.88951873779297,8,8,16,0.948931872844696,1.0,0.8888888888888888,0.8656635804212871,1.0,0.7301829001089929,False,True,False
ew_add10,ew_add,40,40,128,128,,,,,conv_feature_splitter7_2 conv42,concat10,0,102400.0,,5161.36,77499,,1,1,1,128,0,1,0.0,,,,False,,False,,185.1295166015625,0.0,yolov11s/ew_add10,1,0,1,0.9872399999999999,0,128,0.6606537103652954,0.3303268551826477,0.11570595749975712,6,5120,yolov11s_context_1,False,0.0033405,0,204800.0,0,8,N/A,N/A,N/A,N/A,-0.638248085975647,26.487295150756836,8,8,16,0.6606537103652954,1.0,1.0,0.17513858725742992,1.0,0.11570595749975712,False,False,False
concat10,concat,40|40|40,40|40|40,384,128|128|128,,,,,conv_feature_splitter7_1 conv_feature_splitter7_2 ew_add10,conv43,0,0,,5005.57,79911,,1,1,1,384,0,1,1,,,,False,,False,,185.1295166015625,0.0,yolov11s/concat10,0,0,1,1.0605125,0,384,0.9610691666603088,0.9610691666603088,0.17355892569054518,10,3072,yolov11s_context_1,False,0.0034186125,0,0,0,8,-0.37331926822662354,15.492749214172363,N/A,N/A,-0.638248085975647,26.487295150756836,8,8,8,0.9610691666603088,1.0,1.0,0.18058942239678552,0.0,0.17355892569054518,False,False,True
conv43,conv,40,40,256,384,1,1,1,1,concat10,resize2 concat13,98560.0,157696000.0,,995.47,401821,351086.0,7,1,1,40,5,2,0.0,1,1,1,False,,False,,555.3885498046875,404.9708557128906,yolov11s/conv43,7,0,1,1.0689950000000001,0,37,0.9581380486488342,0.1393655389547348,0.8700545057437682,2,11200,yolov11s_context_1,False,0.0034280925,0,314572800.0,4480,8,-0.638248085975647,26.487295150756836,-0.4623374342918396,0.6888840794563293,-0.44558990001678467,18.491979598999023,8,8,16,0.9581380486488342,1.0,0.9142857142857143,0.9080680043660917,1.0,0.7954784052514452,False,True,False
resize2,resize,40,40,256,256,,,,,conv43,concat11,0,0,,1496.9,267219,,3.0,3.0,3.0,256,0,4.0,,,,,False,,False,combined (NORMAL),1481.0361328125,0.0,,0.0,0.0,3.0,1.0899,0,256,0.5864463051160177,0.5864463051160177,0.30854920460818813,8.0,40960,yolov11s_context_1,False,0.003482455,0,0,0,8,-0.44558990001678467,18.491979598999023,N/A,N/A,-0.44558990001678467,18.491979598999023,8,8,8,0,0,0,0,0.0,0,False,False,False
concat11,concat,80|80,80|80,512,256|256,,,,,resize2 conv11,conv_feature_splitter8_1 conv_feature_splitter8_2,0,0,,949.43,421307,,1,1,1,512,0,9,1,,,,False,,False,,1481.0361328125,0.0,yolov11s/concat11,0,0,1,1.10466,0,512,0.9722126722335815,0.9722126722335815,0.9256476353741879,9,4096,yolov11s_context_1,False,0.0035036575,0,0,0,8,N/A,N/A,N/A,N/A,-0.44558990001678467,18.491979598999023,8,8,8,0.9722126722335815,1.0,1.0,0.9521040630416654,0.0,0.9256476353741879,False,False,True
conv_feature_splitter8_1,conv,80,80,64,512,1,1,1,1,concat11,concat12,32832.0,210124800,,903.95,442501,409600,9.0,3.0,3.0,64,1,8.0,,1,1,1,False,,False,combined (NORMAL),6109.2740478515625,370.259033203125,,8.0,0.0,3.0,1.1061949999999998,0,64,0.9204701913727654,0.32676443954308826,0.8372611452568911,8.0,5632,yolov11s_context_1,False,0.003506715,0,419430400,0,8,-0.44558990001678467,18.491979598999023,-0.7143779993057251,1.336018681526184,-1.2146759033203125,29.759559631347656,8,8,16,0.9274555444717407,1.0,1.0,1.0,0.8888888888888888,0.9274555444717407,False,True,False
conv_feature_splitter8_2,conv,80,80,64,512,1,1,1,1,concat11,conv45 ew_add11 concat12,32832.0,210124800.0,,920.08,434745,409600.0,8,1,1,8,1,13,0.0,1,1,1,False,,False,,2962.072265625,370.259033203125,yolov11s/conv_feature_splitter8_2,8,0,1,1.1051525,0,8,0.9440016746520996,0.11777018755674362,0.9274555493583676,13,5120,yolov11s_context_1,False,0.0035054675,0,419430400.0,1024,8,-0.44558990001678467,18.491979598999023,-0.4057978689670563,0.35761433839797974,-0.2786182463169098,6.826147079467773,8,8,16,0.9440016746520996,1.0,1.0,0.9824723559946756,1.0,0.9274555493583676,False,True,False
conv45,conv,80,80,32,64,3,3,1,1,conv_feature_splitter8_2,conv46,18464.0,118169600.0,,1237.21,323308,230400.0,8,1,2,4,1,1,0.0,1,1,1,True,,False,,370.259033203125,185.1295166015625,yolov11s/conv45,4,0,1,1.10962,0,4,0.731701672077179,0.07918146252632141,0.5346089708179836,128,256,yolov11s_context_1,False,0.00352358,0,235929600.0,10240,8,-0.2786182463169098,6.826147079467773,-0.7592209577560425,0.7439101338386536,-0.31767410039901733,9.808187484741211,8,8,16,0.731701672077179,1.0,1.0,0.7306378968635099,1.0,0.5346089708179836,False,False,True
conv46,conv,80,80,64,32,3,3,1,1,conv45,ew_add11,18496.0,118374400.0,,1007.80,396904,307200.0,6,1,2,12,3,2,0.0,1,1,1,True,,False,,185.1295166015625,416.54144287109375,yolov11s/conv46,3,0,1,1.1158475,0,11,0.8955692052841187,0.14512325823307037,0.803286319927159,2,5760,yolov11s_context_1,False,0.0035453975,0,235929600.0,34560,8,-0.31767410039901733,9.808187484741211,-0.8385972380638123,0.6905131936073303,-0.3304213583469391,13.712486267089844,8,8,16,0.8955692052841187,1.0,0.8888888888888888,0.8969561650708133,1.0,0.7140322843796969,False,True,False
ew_add11,ew_add,80,80,64,64,,,,,conv_feature_splitter8_2 conv46,concat12,0,204800.0,,2559.85,156259,,1,1,1,64,0,1,0.0,,,,False,,False,,370.259033203125,0.0,yolov11s/ew_add11,1,0,1,1.0930675,0,64,0.655322253704071,0.3276611268520355,0.23141190650765633,6,5120,yolov11s_context_1,False,0.0035502775,0,409600.0,0,8,-0.2786182463169098,6.826147079467773,N/A,N/A,-0.8079876899719238,19.795698165893555,8,8,16,0.655322253704071,1.0,1.0,0.3531268855889591,1.0,0.23141190650765633,False,False,False
concat12,concat,80|80|80,80|80|80,192,64|64|64,,,,,conv_feature_splitter8_1 conv_feature_splitter8_2 ew_add11,conv47,0,0,,2418.51,165391,,1,1,1,192,0,1,1,,,,False,,False,,370.259033203125,0.0,yolov11s/concat12,0,0,1,1.097035,0,192,0.9287083148956299,0.9287083148956299,0.3471178526351424,21,1536,yolov11s_context_1,False,0.003559125,0,0,0,8,N/A,N/A,N/A,N/A,-1.2146759033203125,29.759559631347656,8,8,8,0.9287083148956299,1.0,1.0,0.37376412708671847,0.0,0.3471178526351424,False,False,True
conv47,conv,80,80,128,192,1,1,1,1,concat12,conv48 conv49 dw2,24704.0,158105600.0,,954.88,418901,307200.0,8,1,2,16,4,4,0.0,1,1,1,True,,False,,1110.777099609375,740.51806640625,yolov11s/conv47,4,0,1,1.10411,0,16,0.7371670007705688,0.2444491684436798,0.6978515162446911,4,10240,yolov11s_context_1,False,0.0035667175,0,314572800.0,4096,8,-1.2146759033203125,29.759559631347656,-0.7272568941116333,1.5212281942367554,-0.36090660095214844,45.654685974121094,8,8,16,0.7371670007705688,1.0,1.0,0.9466667871937012,1.0,0.6978515162446911,False,True,False
conv48,conv,80,80,128,128,3,3,2,2,conv47,concat13,147584.0,236134400,,1070.84,373538,276480,18.0,4.0,4.0,128,2,5.0,,1,1,1,False,,False,combined (SPATIAL_W),1666.1656646728516,203.64247131347656,,16.0,0.0,4.0,1.104495,0,256,0.7636235223876106,0.4034614022821188,0.4883052325469888,43.0,16384,yolov11s_context_1,False,0.0035871975,0,471859200,10240,8,-0.36090660095214844,45.654685974121094,-0.3541540801525116,0.5295218825340271,-0.29690301418304443,12.3214750289917,8,8,16,0.7612369606561163,1.0,1.0,0.6940048591010463,0.8888888888888888,0.5298180069783119,False,False,False
concat13,concat,40|40,40|40,384,128|256,,,,,conv48 conv43,conv_feature_splitter9_1 conv_feature_splitter9_2,0,0,,4970.98,80467,,1,1,1,384,0,2,1,,,,False,,False,,222.72608947753906,0.0,yolov11s/concat13,0,0,1,0.8137875,0,384,0.954428493976593,0.954428493976593,0.20880572264947966,20,3072,yolov11s_context_2,False,0.00082023,0,0,0,8,N/A,N/A,N/A,N/A,-0.44558990001678467,18.491979598999023,8,8,8,0.954428493976593,1.0,1.0,0.2187756589071413,0.0,0.20880572264947966,False,False,True
conv49,conv,80,80,64,128,3,3,1,1,conv47,conv50,73792.0,472268800,,1348.76,296568,276480,34.0,6.0,6.0,128,1,9.0,,1,1,1,False,,False,combined (SPATIAL_W),2449.987045288086,712.7235107421875,,32.0,0.0,6.0,0.8054899999999999,0,512,0.9404321085004246,0.28934755362570286,0.6220222885632554,144.0,13312,yolov11s_context_2,False,0.00082006,0,943718400,30720,8,-0.36090660095214844,45.654685974121094,-0.346903920173645,0.3880179226398468,-0.34129709005355835,86.68946075439453,8,8,16,0.9523948650926581,1.0,1.0,0.6754576483743735,0.9411764705882353,0.6426281801659044,False,False,False
conv50,conv,80,80,64,64,3,3,1,1,conv49,conv51,36928.0,236339200,,1237.21,323308,230400,17.0,3.0,5.0,64,1,3.0,,1,1,1,False,,False,combined (NORMAL),1113.6304473876953,445.4521789550781,,8.0,0.0,3.0,0.8066650000000001,0,64,0.7357052529559417,0.3193751573562622,0.6135331678420439,320.0,1024,yolov11s_context_2,False,0.00083952,0,471859200,20480,8,-0.34129709005355835,86.68946075439453,-0.3845142722129822,0.6138423681259155,-0.3237958252429962,82.244140625,8,8,16,0.731701672077179,1.0,1.0,0.879017743049325,0.9411764705882353,0.6431787523746991,False,False,True
conv51,conv,80,80,64,64,1,1,1,1,conv50,yolov8_nms_postprocess,4160.0,26624000.0,,1520.56,263061,204800.0,2,1,2,32,8,1,0.0,1,1,1,True,,False,,445.4521789550781,445.4521789550781,yolov11s/conv51,1,0,1,0.7977000000000001,0,32,0.7906911373138428,0.1946316659450531,0.5655155197928169,6,5120,yolov11s_context_2,False,0.0008414675,0,52428800.0,2048,8,-0.3237958252429962,82.244140625,-1.5849609375,1.46484375,-197.06527709960938,107.49015045166016,8,8,16,0.7906911373138428,1.0,1.0,0.7152167175086867,1.0,0.5655155197928169,False,True,False
conv_feature_splitter9_1,conv,40,40,128,384,1,1,1,1,concat13,concat14,49280.0,78848000.0,,1258.10,317941,307200.0,4,1,1,32,4,1,0.0,1,1,1,False,,False,,668.1782836914062,222.72608947753906,yolov11s/conv_feature_splitter9_1,4,0,1,0.8170299999999999,0,32,0.9687331914901733,0.08051808178424835,0.8373979751161679,6,5120,yolov11s_context_2,False,0.0008244775,0,157286400.0,2048,8,-0.44558990001678467,18.491979598999023,-0.8772335052490234,2.543239116668701,-1.048007607460022,37.12941360473633,8,8,16,0.9687331914901733,1.0,1.0,0.8644258114332013,1.0,0.8373979751161679,False,True,False
conv_feature_splitter9_2,conv,40,40,128,384,1,1,1,1,concat13,conv56 ew_add12 concat14,49280.0,78848000.0,,1238.00,323101,307200.0,4,1,1,32,4,8,0.0,1,1,1,False,,False,,668.1782836914062,222.72608947753906,yolov11s/conv_feature_splitter9_2,4,0,1,0.8205699999999999,0,32,0.9532622694969177,0.07923219352960587,0.8373979558156299,8,5120,yolov11s_context_2,False,0.0008280175,0,157286400.0,2048,8,-0.44558990001678467,18.491979598999023,-0.5250711441040039,0.6316004395484924,-0.2809267044067383,9.952831268310547,8,8,16,0.9532622694969177,1.0,1.0,0.8784549463575906,1.0,0.8373979558156299,False,True,False
conv56,conv,40,40,64,128,3,3,1,1,conv_feature_splitter9_2,conv57,73792.0,118067200.0,,1287.12,310772,230400.0,8,1,2,8,2,1,0.0,1,1,1,True,,False,,222.72608947753906,111.36304473876953,yolov11s/conv56,4,0,1,0.8370325,0,8,0.9349297881126404,0.04942530393600464,0.7899544871789517,64,512,yolov11s_context_2,False,0.0008649875,0,235929600.0,12288,8,-0.2809267044067383,9.952831268310547,-0.3015194833278656,0.4180096685886383,-0.31906217336654663,11.303916931152344,8,8,16,0.9349297881126404,0.8333333333333334,1.0,0.8449345578919323,1.0,0.6582954059824598,False,False,True
conv57,conv,40,40,128,64,3,3,1,1,conv56,ew_add12,73856.0,118169600.0,,1295.95,308655,230400.0,8,1,2,16,2,1,0.0,1,1,1,True,,False,,111.36304473876953,222.72608947753906,yolov11s/conv57,4,0,1,0.8463649999999999,0,16,0.9421392679214478,0.09952860325574875,0.7906233061458879,6,5120,yolov11s_context_2,False,0.0009010375,0,235929600.0,36864,8,-0.31906217336654663,11.303916931152344,-0.7141448259353638,0.9710404276847839,-0.3319605588912964,16.598026275634766,8,8,16,0.9421392679214478,0.8333333333333334,1.0,0.8391788062184956,1.0,0.6588527551215734,False,True,False
dw2,dw,80,80,128,128,3,3,1,1,conv47,conv52,1280.0,8192000,,1187.91,336727,19350,8.0,5.0,8.0,128,1,16.0,,1,1,1,False,,False,combined (INPUT_FEATURES),2081.096893310547,1002.2674255371094,,3.0,0.0,5.0,0.8344275,0,128,0.6023205369710922,0.4423656731843948,0.40562823769791195,71.0,15904,yolov11s_context_2,False,0.000850285,0,14745600,46080,8,-0.36090660095214844,45.654685974121094,-9.377362251281738,5.503912448883057,-0.5165596008300781,65.34478759765625,8,8,16,0.4917880291149523,1.0,0.8889925561225458,0.9111621837268902,0.75,0.39829987286461926,False,False,False
conv52,conv,80,80,128,128,1,1,1,1,dw2,dw3,16512.0,105676800.0,,1749.31,228661,204800.0,8,1,1,16,2,1,0.0,1,1,1,False,,False,,890.9043579101562,890.9043579101562,yolov11s/conv52,8,0,1,0.8221225,0,16,0.9026463031768799,0.44782450795173645,0.5611654141877199,3,10240,yolov11s_context_2,False,0.000851625,0,209715200.0,2048,8,-0.5165596008300781,65.34478759765625,-0.6335950493812561,0.6826701760292053,-0.2860788106918335,24.030620574951172,8,8,16,0.9026463031768799,1.0,1.0,0.62168915134609,1.0,0.5611654141877199,False,True,False
dw3,dw,80,80,128,128,3,3,1,1,conv52,conv53,1280.0,8192000,,1187.91,336727,19350,8.0,5.0,8.0,128,1,14.0,,1,1,1,False,,False,combined (INPUT_FEATURES),2081.096893310547,1002.2674255371094,,3.0,0.0,5.0,0.8356675,0,128,0.6023205369710922,0.4423656731843948,0.40562823769791195,69.0,15904,yolov11s_context_2,False,0.00088597,0,14745600,46080,8,-0.2860788106918335,24.030620574951172,-7.061634063720703,7.083581924438477,-0.31159016489982605,79.14390563964844,8,8,16,0.4917880291149523,1.0,0.8889925561225458,0.9111621837268902,0.75,0.39829987286461926,False,False,False
conv53,conv,80,80,128,128,1,1,1,1,dw3,conv54,16512.0,105676800.0,,1265.42,316101,204800.0,8,1,1,16,2,1,0.0,1,1,1,False,,False,,890.9043579101562,890.9043579101562,yolov11s/conv53,8,0,1,0.82666,0,16,0.6529558300971985,0.32394710183143616,0.5611653720971234,1,1024,yolov11s_context_2,False,0.000887605,0,209715200.0,0,8,-0.31159016489982605,79.14390563964844,-1.6688547134399414,1.955385684967041,-0.5586665868759155,70.67132568359375,8,8,16,0.6529558300971985,1.0,1.0,0.8594231741733415,1.0,0.5611653720971234,False,True,True
conv54,conv,80,80,2,128,1,1,1,1,conv53,yolov8_nms_postprocess,258.0,1651200.0,,3550.47,112661,25600.0,1,1,1,8,1,1,0.0,1,1,1,False,,False,,890.9043579101562,55.681522369384766,yolov11s/conv54,1,0,1,0.8260425,0,2,0.9160224199295044,0.05680759251117706,0.2805827035221771,51,640,yolov11s_context_2,False,0.000887995,0,3276800.0,128,8,-0.5586665868759155,70.67132568359375,-2.123046875,1.0419921875,0.0,1.7814738750457764,8,8,16,0.9160224199295044,1.0,0.25,0.30630549800710155,1.0,0.07014567588054428,False,True,False
ew_add12,ew_add,40,40,128,128,,,,,conv_feature_splitter9_2 conv57,concat14,0,102400.0,,5077.50,78779,,1,1,1,128,0,1,0.0,,,,False,,False,,222.72608947753906,0.0,yolov11s/ew_add12,1,0,1,0.8307749999999999,0,128,0.6499193906784058,0.3249596953392029,0.1392038185300243,6,5120,yolov11s_context_2,False,0.0009306825,0,204800.0,0,8,-0.2809267044067383,9.952831268310547,N/A,N/A,-0.6696174740791321,23.723588943481445,8,8,16,0.6499193906784058,1.0,1.0,0.21418628298613943,1.0,0.1392038185300243,False,False,False
concat14,concat,40|40|40,40|40|40,384,128|128|128,,,,,conv_feature_splitter9_1 conv_feature_splitter9_2 ew_add12,conv58,0,0,,5005.57,79911,,1,1,1,384,0,1,1,,,,False,,False,,222.72608947753906,0.0,yolov11s/concat14,0,0,1,0.8657349999999999,0,384,0.9610691666603088,0.9610691666603088,0.2088057241507532,10,3072,yolov11s_context_2,False,0.0009705625,0,0,0,8,N/A,N/A,N/A,N/A,-1.048007607460022,37.12941360473633,8,8,8,0.9610691666603088,1.0,1.0,0.2172639924307923,0.0,0.2088057241507532,False,False,True
conv58,conv,40,40,256,384,1,1,1,1,concat14,conv59 conv60 dw4,98560.0,157696000.0,,1238.16,323061,307200.0,8,1,1,32,4,2,0.0,1,1,1,False,,False,,668.1782836914062,445.4521789550781,yolov11s/conv58,8,0,1,0.8722125,0,32,0.9533803462982178,0.15848399698734283,0.837397998008321,2,10240,yolov11s_context_2,False,0.0009780375,0,314572800.0,4096,8,-1.048007607460022,37.12941360473633,-0.47405052185058594,0.9918889999389648,-0.31589049100875854,26.534801483154297,8,8,16,0.9533803462982178,1.0,1.0,0.8783461933736807,1.0,0.837397998008321,False,True,False
conv59,conv,40,40,256,256,3,3,2,2,conv58,concat15,590080.0,236032000,,1087.53,367806,230400,17.0,3.0,3.0,256,2,4.0,,1,1,1,False,,False,combined (NORMAL),946.585880279541,111.36304473876953,,32.0,0.0,3.0,0.8987075,0,256,0.7887951871928046,0.3392269363005956,0.7338446860634644,4.0,12288,yolov11s_context_2,False,0.0010299225,0,471859200,12288,8,-0.31589049100875854,26.534801483154297,-0.14668883383274078,0.21009507775306702,-0.3020651340484619,15.103256225585938,8,8,16,0.7770999073982239,1.0,1.0,1.0,0.9411764705882353,0.7770999073982239,False,False,False
concat15,concat,20|20,20|20,768,256|512,,,,,conv59 conv39,conv_feature_splitter10_1 conv_feature_splitter10_2,0,0,,8466.15,47247,,1,1,1,768,0,1,1,,,,False,,False,,111.36304473876953,0.0,yolov11s/concat15,0,0,1,0.8656875,0,768,0.9753000140190125,0.9753000140190125,0.12528343681820384,5,6144,yolov11s_context_2,False,0.0010441925,0,0,0,8,N/A,N/A,N/A,N/A,-0.3020651340484619,15.103256225585938,8,8,8,0.9753000140190125,0.8333333333333334,1.0,0.12845630576988956,0.0,0.10440286401516986,False,False,True
conv60,conv,40,40,64,256,3,3,1,1,conv58,conv61,147520.0,236032000,,1102.94,362666,230400,17.0,3.0,5.0,64,1,9.0,,1,1,1,False,,False,combined (NORMAL),946.585880279541,111.36304473876953,,8.0,0.0,3.0,0.8967849999999999,0,64,0.8007076943621916,0.28046804169813794,0.7452189621202477,72.0,1024,yolov11s_context_2,False,0.0010262325,0,471859200,12288,8,-0.31589049100875854,26.534801483154297,-0.2084103524684906,0.19533377885818481,-0.5387086272239685,68.14664459228516,8,8,16,0.800811231136322,0.8333333333333334,1.0,0.9860252415675655,0.9411764705882353,0.6580167396926763,False,False,True
conv61,conv,40,40,64,64,3,3,1,1,conv60,conv62,36928.0,59084800.0,,1264.29,316383,230400.0,4,1,2,16,2,1,0.0,1,1,1,True,,False,,111.36304473876953,111.36304473876953,yolov11s/conv61,2,0,1,0.9003675,0,16,0.9191265106201172,0.048548754304647446,0.7906233253658846,64,512,yolov11s_context_2,False,0.00105841,0,117964800.0,12288,8,-0.5387086272239685,68.14664459228516,-0.3073951005935669,0.449481725692749,-0.3374990224838257,85.7247543334961,8,8,16,0.9191265106201172,0.8333333333333334,1.0,0.8601898827099069,1.0,0.6588527711382371,False,True,True
conv62,conv,40,40,64,64,1,1,1,1,conv61,yolov8_nms_postprocess,4160.0,6656000.0,,3490.98,114581,102400.0,1,1,1,64,8,1,0.0,1,1,1,False,,False,,111.36304473876953,111.36304473876953,yolov11s/conv62,1,0,1,0.866585,0,64,0.9076548218727112,0.11171136796474457,0.28275775040373763,12,2560,yolov11s_context_2,False,0.0010599875,0,13107200.0,1024,8,-0.3374990224838257,85.7247543334961,-0.919921875,1.3515625,-26.58481216430664,57.10811233520508,8,8,16,0.9076548218727112,1.0,1.0,0.3115256412347814,1.0,0.28275775040373763,False,True,False
conv_feature_splitter10_1,conv,20,20,256,768,1,1,1,1,concat15,concat17,196864.0,78745600.0,,1611.21,248261,175543.0,7,1,1,40,5,1,0.0,1,1,1,False,,False,,334.0891418457031,121.80333709716797,yolov11s/conv_feature_splitter10_1,7,0,1,0.882465,0,37,0.9292639493942261,0.06767071783542633,0.6272328274703511,14,2240,yolov11s_context_2,False,0.001062935,0,157286400.0,0,8,-0.3020651340484619,15.103256225585938,-0.36934638023376465,0.7640461325645447,-0.33682477474212646,16.841238021850586,8,8,16,0.9292639493942261,0.8333333333333334,0.9142857142857143,0.6749781134619881,1.0,0.4778916780726485,False,True,True
conv_feature_splitter10_2,conv,20,20,256,768,1,1,1,1,concat15,conv67 conv68 concat17,196864.0,78745600.0,,1611.21,248261,175543.0,7,1,1,40,5,1,0.0,1,1,1,False,,False,,334.0891418457031,121.80333709716797,yolov11s/conv_feature_splitter10_2,7,0,1,0.882465,0,37,0.9292639493942261,0.06767071783542633,0.6272328274703511,14,2240,yolov11s_context_2,False,0.001062935,0,157286400.0,0,8,-0.3020651340484619,15.103256225585938,-0.42620500922203064,0.7358087301254272,-0.31776025891304016,15.888012886047363,8,8,16,0.9292639493942261,0.8333333333333334,0.9142857142857143,0.6749781134619881,1.0,0.4778916780726485,False,True,True
conv67,conv,20,20,128,256,1,1,1,1,conv_feature_splitter10_2,conv69 ew_add13,32896.0,13158400.0,,1583.15,252661,204800.0,1,1,1,128,8,2,0.0,1,1,1,False,,False,,111.36304473876953,55.681522369384766,yolov11s/conv67,1,0,1,0.882995,0,128,0.9764862656593323,0.030396459624171257,0.6707883948814117,20,3072,yolov11s_context_2,False,0.0010738275,0,26214400.0,1024,8,-0.31776025891304016,15.888012886047363,-0.18112117052078247,0.28436359763145447,-0.3121398389339447,8.531822204589844,8,8,16,0.9764862656593323,0.8333333333333334,1.0,0.6869409416920876,1.0,0.5589903290678432,False,True,False
conv68,conv,20,20,128,256,1,1,1,1,conv_feature_splitter10_2,concat16,32896.0,13158400.0,,1583.15,252661,204800.0,1,1,1,128,8,1,0.0,1,1,1,False,,False,,111.36304473876953,55.681522369384766,yolov11s/conv68,1,0,1,0.882995,0,128,0.9764862656593323,0.030396459624171257,0.6707883948814117,10,3072,yolov11s_context_2,False,0.0010738275,0,26214400.0,1024,8,-0.31776025891304016,15.888012886047363,-0.3461243510246277,0.455007404088974,-0.2789915204048157,13.949576377868652,8,8,16,0.9764862656593323,0.8333333333333334,1.0,0.6869409416920876,1.0,0.5589903290678432,False,True,False
conv69,conv,20,20,128,128,3,3,1,1,conv67,conv70,147584.0,59033600.0,,1566.99,255267,153600.0,6,1,1,24,3,1,0.0,1,1,1,False,,False,,55.681522369384766,62.64171600341797,yolov11s/conv69,6,0,1,0.90794,0,22,0.8942989110946655,0.033846914768218994,0.6206668736736268,28,1152,yolov11s_context_2,False,0.00113035,0,117964800.0,13824,8,-0.3121398389339447,8.531822204589844,-0.5168975591659546,0.676425039768219,-0.36732083559036255,23.04938316345215,8,8,16,0.8942989110946655,0.8333333333333334,0.8888888888888888,0.694026198593824,1.0,0.4597532397582421,False,False,True
conv70,conv,20,20,128,128,3,3,1,1,conv69,ew_add13,147584.0,59033600.0,,1594.48,250865,153600.0,6,1,1,24,3,1,0.0,1,1,1,False,,False,,55.681522369384766,62.64171600341797,yolov11s/conv70,6,0,1,0.902035,0,22,0.909991443157196,0.03444083407521248,0.6206668825077079,9,3456,yolov11s_context_2,False,0.0011784025,0,117964800.0,20736,8,-0.36732083559036255,23.04938316345215,-0.245157852768898,0.38600897789001465,-0.33522242307662964,21.035207748413086,8,8,16,0.909991443157196,0.8333333333333334,0.8888888888888888,0.6820579327145289,1.0,0.4597532463020058,False,True,False
dw4,dw,40,40,256,256,3,3,1,1,conv58,conv63,2560.0,4096000,,1362.96,293479,14400,6.0,4.0,6.0,256,1,7.0,,1,1,1,False,,False,combined (INPUT_FEATURES),1113.6304473876953,445.4521789550781,,2.0,0.0,4.0,0.8843375,0,256,0.6648992598056793,0.5346513837575912,0.3203717936611019,32.0,17408,yolov11s_context_2,False,0.0010329425,0,7372800,49152,8,-0.31589049100875854,26.534801483154297,-2.4913699626922607,4.206706523895264,-0.3978574275970459,50.32896423339844,8,8,16,0.5150351524353027,0.8333333333333334,1.0,0.7979179241230432,0.6666666666666666,0.34246314973464326,False,False,False
conv63,conv,40,40,128,256,1,1,1,1,dw4,dw5,32896.0,52633600.0,,1247.73,320581,273067.0,3,1,1,48,6,1,0.0,1,1,1,False,,False,,445.4521789550781,250.56686401367188,yolov11s/conv63,3,0,1,0.8723325000000001,0,43,0.9620033502578735,0.08983688801527023,0.8384854951496696,5,5760,yolov11s_context_2,False,0.0010405075,0,104857600.0,2304,8,-0.3978574275970459,50.32896423339844,-0.5164111852645874,0.587570071220398,-0.2861878275871277,24.039777755737305,8,8,16,0.9620033502578735,1.0,0.8888888888888888,0.871603508371261,1.0,0.7453204401330396,False,True,False
dw5,dw,40,40,128,128,3,3,1,1,conv63,conv64,1280.0,2048000,,1362.96,293479,14400,2,1,2,64,1,1,0.0,1,1,1,True,,False,,222.72608947753906,222.72608947753906,yolov11s/dw5,1,0,1,0.8838575,0,64,0.5150351524353027,0.10467529296875,0.4109557796815719,6,5120,yolov11s_context_2,False,0.001072065,0,3686400,24576,8,-0.2861878275871277,24.039777755737305,-4.810541152954102,4.9133734703063965,-0.39258134365081787,49.66154098510742,8,8,16,0.5150351524353027,0.8333333333333334,1.0,0.7979179241230432,1.0,0.34246314973464326,False,False,False
conv64,conv,40,40,128,128,1,1,1,1,dw5,conv65,16512.0,26419200.0,,1279.01,312741,204800.0,2,1,2,64,8,1,0.0,1,1,1,True,,False,,222.72608947753906,222.72608947753906,yolov11s/conv64,1,0,1,0.87046,0,64,0.7919652462005615,0.09822824597358704,0.673398484695763,32,1024,yolov11s_context_2,False,0.00109734,0,52428800.0,0,8,-0.39258134365081787,49.66154098510742,-2.166952610015869,2.985180377960205,-0.4140335023403168,52.37523651123047,8,8,16,0.7919652462005615,0.8333333333333334,1.0,0.8502879235249018,1.0,0.561165403913136,False,False,True
conv65,conv,40,40,2,128,1,1,1,1,conv64,yolov8_nms_postprocess,258.0,412800.0,,14014.93,28541,6400.0,1,1,1,8,1,1,0.0,1,1,1,False,,False,,222.72608947753906,13.920380592346191,yolov11s/conv65,1,0,1,0.864315,0,2,0.9039627313613892,0.05605970323085785,0.07014567548051256,102,320,yolov11s_context_2,False,0.00109773,0,819200.0,128,8,-0.4140335023403168,52.37523651123047,-1.97265625,0.91357421875,0.0,0.7726303935050964,8,8,16,0.9039627313613892,1.0,0.25,0.07759797284437991,1.0,0.01753641887012814,False,True,False
ew_add13,ew_add,20,20,128,128,,,,,conv67 conv70,conv71 ew_add14,0,25600.0,,16639.63,24039,,1,1,1,128,0,2,0.0,,,,False,,False,,55.681522369384766,0.0,yolov11s/ew_add13,1,0,1,0.8201575,0,128,0.638961672782898,0.319480836391449,0.04176114487536388,20,3072,yolov11s_context_2,False,0.0011814025,0,51200.0,0,8,-0.3121398389339447,8.531822204589844,N/A,N/A,-1.8388420343399048,27.467702865600586,8,8,16,0.638961672782898,0.8333333333333334,1.0,0.06535782450530987,1.0,0.03480095406280324,False,False,False
conv71,conv,20,20,128,128,3,3,1,1,ew_add13,conv72,147584.0,59033600.0,,1566.99,255267,153600.0,6,1,1,24,3,1,0.0,1,1,1,False,,False,,55.681522369384766,62.64171600341797,yolov11s/conv71,6,0,1,0.876885,0,22,0.8942989110946655,0.033846914768218994,0.6206668736736268,28,1152,yolov11s_context_2,False,0.00124113,0,117964800.0,13824,8,-1.8388420343399048,27.467702865600586,-0.24522647261619568,0.3989824056625366,-0.33020609617233276,27.73731231689453,8,8,16,0.8942989110946655,0.8333333333333334,0.8888888888888888,0.694026198593824,1.0,0.4597532397582421,False,False,True
conv72,conv,20,20,128,128,3,3,1,1,conv71,ew_add14,147584.0,59033600.0,,1594.48,250865,153600.0,6,1,1,24,3,1,0.0,1,1,1,False,,False,,55.681522369384766,62.64171600341797,yolov11s/conv72,6,0,1,0.8709800000000001,0,22,0.909991443157196,0.03444083407521248,0.6206668825077079,9,3456,yolov11s_context_2,False,0.0012891825,0,117964800.0,20736,8,-0.33020609617233276,27.73731231689453,-0.4486917555332184,0.7994744181632996,-0.5339727997779846,67.54756164550781,8,8,16,0.909991443157196,0.8333333333333334,0.8888888888888888,0.6820579327145289,1.0,0.4597532463020058,False,True,False
ew_add14,ew_add,20,20,128,128,,,,,ew_add13 conv72,concat16,0,25600.0,,16639.63,24039,,1,1,1,128,0,1,0.0,,,,False,,False,,55.681522369384766,0.0,yolov11s/ew_add14,1,0,1,0.7891025,0,128,0.638961672782898,0.319480836391449,0.04176114487536388,10,3072,yolov11s_context_2,False,0.0012921825,0,51200.0,0,8,-1.8388420343399048,27.467702865600586,N/A,N/A,-1.380279302597046,69.01396942138672,8,8,16,0.638961672782898,0.8333333333333334,1.0,0.06535782450530987,1.0,0.03480095406280324,False,False,False
concat16,concat,20|20,20|20,256,128|128,,,,,ew_add14 conv68,conv73,0,0,,24469.32,16347,,1,1,1,256,0,1,1,,,,False,,False,,55.681522369384766,0.0,yolov11s/concat16,0,0,1,0.8276775000000001,0,256,0.9396219253540039,0.9396219253540039,0.04176114477132484,16,2048,yolov11s_context_2,False,0.0013337575,0,0,0,8,-1.380279302597046,69.01396942138672,N/A,N/A,-1.380279302597046,69.01396942138672,8,8,8,0.9396219253540039,0.8333333333333334,1.0,0.04444462569941763,0.0,0.03480095397610403,False,False,True
conv73,conv,20,20,256,256,1,1,1,1,concat16,concat17,65792.0,26316800.0,,1516.64,263741,204800.0,2,1,1,128,8,1,0.0,1,1,1,False,,False,,111.36304473876953,111.36304473876953,yolov11s/conv73,2,0,1,0.85096,0,128,0.9354631900787354,0.05823895335197449,0.6707883971837212,16,2048,yolov11s_context_2,False,0.0013577175,0,52428800.0,0,8,-1.380279302597046,69.01396942138672,-0.3679647147655487,0.5458460450172424,-1.4885324239730835,74.42662048339844,8,8,16,0.9354631900787354,0.8333333333333334,1.0,0.7170655182351566,1.0,0.5589903309864344,False,True,True
concat17,concat,20|20|20,20|20|20,768,256|256|256,,,,,conv_feature_splitter10_1 conv_feature_splitter10_2 conv73,conv74,0,0,,8462.92,47265,,1,1,1,768,0,1,1,,,,False,,False,,111.36304473876953,0.0,yolov11s/concat17,0,0,1,0.8464375,0,768,0.974928617477417,0.974928617477417,0.12528344046880724,5,6144,yolov11s_context_2,False,0.0013642025,0,0,0,8,N/A,N/A,N/A,N/A,-1.4885324239730835,74.42662048339844,8,8,8,0.974928617477417,0.8333333333333334,1.0,0.12850524461264906,0.0,0.10440286705733937,False,True,True
conv74,conv,20,20,512,768,1,1,1,1,concat17,conv75 dw6,393728.0,157491200,,1611.21,248261,175543,15.0,3.0,3.0,512,5,11.0,,1,1,1,False,,False,combined (NORMAL),779.5413284301758,243.60667419433594,,14.0,0.0,3.0,0.854835,0,512,0.8838685343662898,0.12789138654867807,0.5909854583461914,37.0,16768,yolov11s_context_2,False,0.00137973,0,314572800,0,8,-1.4885324239730835,74.42662048339844,-0.3402571678161621,0.575255811214447,-0.32443490624427795,82.40646362304688,8,8,16,0.9292639493942261,0.8333333333333333,0.9142857142857143,0.6749781134619881,0.9333333333333333,0.4778916780726485,False,True,False
conv75,conv,20,20,64,512,3,3,1,1,conv74,conv76,294976.0,117990400,,1253.68,319061,115200,17.0,3.0,5.0,64,1,3.0,,1,1,1,False,,False,combined (NORMAL),459.3725595474243,27.840761184692383,,16.0,0.0,3.0,0.8834525,0,64,0.6450815972159891,0.27096429405113065,0.5195424370787518,320.0,1024,yolov11s_context_2,False,0.00144352,0,235929600,8192,8,-0.32443490624427795,82.40646362304688,-0.07249482721090317,0.10218396782875061,-0.46175670623779297,117.28620147705078,8,8,16,0.6355963349342346,0.625,1.0,0.8674708949826812,0.9411764705882353,0.3446008259456953,False,False,True
conv76,conv,20,20,64,64,3,3,1,1,conv75,conv77,36928.0,14771200.0,,1149.75,347903,230400.0,1,1,1,64,2,1,0.0,1,1,1,False,,False,,27.840761184692383,27.840761184692383,yolov11s/conv76,2,0,1,0.9139125,0,64,0.8756234049797058,0.011037559248507023,0.8282410005890458,64,512,yolov11s_context_2,False,0.0015331175,0,29491200.0,6144,8,-0.46175670623779297,117.28620147705078,-0.22893057763576508,0.35090988874435425,-1.0169204473495483,258.29779052734375,8,8,16,0.8756234049797058,0.8333333333333334,1.0,0.9458872340309837,1.0,0.6902008338242048,False,True,True
conv77,conv,20,20,64,64,1,1,1,1,conv76,yolov8_nms_postprocess,4160.0,1664000.0,,11434.78,34981,25600.0,1,1,1,64,8,1,0.0,1,1,1,False,,False,,27.840761184692383,27.840761184692383,yolov11s/conv77,1,0,1,0.85255,0,64,0.8919127583503723,0.10977387428283691,0.08482732799316589,21,1536,yolov11s_context_2,False,0.001534695,0,3276800.0,1024,8,-1.0169204473495483,258.29779052734375,-0.765625,0.83935546875,-161.87225341796875,395.9307556152344,8,8,16,0.8919127583503723,0.8333333333333334,1.0,0.09510720325388927,1.0,0.07068943999430491,False,True,False
dw6,dw,20,20,512,512,3,3,1,1,conv74,conv78,5120.0,2048000,,1127.88,354647,4320,9.0,3.0,3.0,512,1,4.0,,1,1,1,False,,False,combined (SPATIAL_W),534.5426177978516,445.4521789550781,,8.0,0.0,3.0,0.910315,0,512,0.5927062200175391,0.1827693519492944,0.3805484360964015,12.0,24576,yolov11s_context_2,False,0.001479205,0,3686400,98304,8,-0.32443490624427795,82.40646362304688,-9.565348625183105,13.277644157409668,-0.48135218024253845,122.2634506225586,8,8,16,0.604380714523774,0.8333333346947108,1.0,0.6428987822858503,0.8888888888888888,0.3480639209203088,False,False,False
conv78,conv,20,20,128,512,1,1,1,1,dw6,dw7,65664.0,26265600.0,,1591.59,251321,204800.0,2,1,1,64,8,1,0.0,1,1,1,False,,False,,222.72608947753906,55.681522369384766,yolov11s/conv78,2,0,1,0.8564175,0,64,0.9797828197479248,0.030558528378605843,0.6694833636261187,10,3072,yolov11s_context_2,False,0.0015116775,0,52428800.0,2048,8,-0.48135218024253845,122.2634506225586,-0.3023916184902191,0.5418846011161804,-0.293117493391037,74.45184326171875,8,8,16,0.9797828197479248,0.8333333333333334,1.0,0.6832977167311028,1.0,0.5579028030217656,False,False,False
dw7,dw,20,20,128,128,3,3,1,1,conv78,conv79,1280.0,512000,,2022.07,197817,7200,1,1,1,128,1,1,0.0,1,1,1,False,,False,,55.681522369384766,55.681522369384766,yolov11s/dw7,1,0,1,0.87223,0,128,0.3882376253604889,0.03882376104593277,0.2088057354581922,10,3072,yolov11s_context_2,False,0.0015589,0,921600,0,8,-0.293117493391037,74.45184326171875,-1.8174866437911987,3.542508602142334,-0.620120644569397,157.51065063476562,8,8,16,0.3882376253604889,0.8333333333333334,1.0,0.5378297254530922,1.0,0.1740047795484935,False,False,False
conv79,conv,20,20,128,128,1,1,1,1,dw7,conv80,16512.0,6604800.0,,3003.43,133181,102400.0,1,1,1,128,8,1,0.0,1,1,1,False,,False,,55.681522369384766,55.681522369384766,yolov11s/conv79,1,0,1,0.8228625,0,128,0.929862380027771,0.057665884494781494,0.33669924262920825,32,1024,yolov11s_context_2,False,0.00157556,0,13107200.0,0,8,-0.620120644569397,157.51065063476562,-1.4848215579986572,2.344677209854126,-0.8636006712913513,219.3545684814453,8,8,16,0.929862380027771,0.8333333333333334,1.0,0.36209577875292953,1.0,0.2805827021910069,False,False,True
conv80,conv,20,20,2,128,1,1,1,1,conv79,yolov8_nms_postprocess,258.0,103200.0,,45866.30,8721,1600.0,1,1,1,8,1,1,0.0,1,1,1,False,,False,,55.681522369384766,3.480095148086548,yolov11s/conv80,1,0,1,0.8176825,0,2,0.8875129222869873,0.05503955855965614,0.021043702917475017,170,192,yolov11s_context_2,False,0.00157595,0,204800.0,128,8,-0.8636006712913513,219.3545684814453,-2.26953125,0.96533203125,0.0,3.177182912826538,8,8,16,0.8875129222869873,0.8333333333333334,0.25,0.023710869316976885,1.0,0.004384104774473962,False,True,False
matmul2_reshape,format_conversion,20,20,80,256,,,,,,,0,0,,12878.71,31059,,1,1,1,80,0,1,1,4,,,False,,False,,92.56475830078125,0.0,,0,0,1,0.9439225,0,80,0.0,0.0,0.0,40,5120,yolov11s_context_1,False,0.00197091,0,0,0,8,N/A,N/A,N/A,N/A,N/A,N/A,8,8,8,0.0,0.8333333333333334,1.0,0.07018967188774715,0.0,0.0,False,False,False
sh_from_conv58_to_conv59_d0-1_conv60_d0-1_2686,shortcut,40,40,256,256,,,,,,,0,0,,7707.28,51899,,1,1,1,256,0,1,1,,,,False,,False,,445.4521789550781,0.0,,0,0,1,0.8603474999999999,0,256,0.9865315556526184,0.9865315556526184,0.13920382268591386,1,10240,yolov11s_context_2,False,0.00098636,0,0,0,8,N/A,N/A,N/A,N/A,N/A,N/A,8,8,8,0.9865315556526184,1.0,1.0,0.14110427779862209,0.0,0.13920382268591386,False,False,False
