Timestamp,Voltaje_V,Corriente_A,Potencia_W,Energia_Wh,Frecuencia_Hz,FactorPotencia,RPi_CPU_Temp_C,RPi_CPU_Load,LoRa_RSSI
2026-06-01 13:07:38,235.8,0.064,8.2,0.335,50.0,0.54,55.7,0.3,-45.0
2026-06-01 13:07:48,236.9,0.064,8.3,0.335,49.9,0.55,55.7,0.3,-45.0
2026-06-01 13:07:58,236.3,0.064,8.3,0.335,49.9,0.55,55.7,0.3,-45.0
2026-06-01 13:08:08,236.3,0.064,8.4,0.335,50.0,0.56,55.7,0.3,-45.0
2026-06-01 13:08:18,236.8,0.065,8.4,0.335,49.9,0.55,55.7,0.3,-45.0
2026-06-01 13:08:28,236.6,0.064,8.3,0.335,49.9,0.55,55.7,0.3,-45.0
2026-06-01 13:08:38,236.7,0.065,8.5,0.335,50.0,0.55,55.7,0.5,-43.0
2026-06-01 13:08:48,235.5,0.065,8.3,0.335,50.0,0.54,55.7,0.5,-43.0
2026-06-01 13:08:58,236.3,0.066,8.5,0.335,49.9,0.55,55.7,0.5,-43.0
2026-06-01 13:09:08,235.7,0.065,8.4,0.335,50.0,0.55,55.7,0.5,-43.0
2026-06-01 13:09:18,236.3,0.065,8.4,0.335,50.0,0.55,55.7,0.5,-43.0
2026-06-01 13:09:28,236.8,0.065,8.4,0.336,49.9,0.55,55.7,0.5,-43.0
2026-06-01 13:09:38,236.7,0.065,8.5,0.336,49.9,0.55,55.7,0.8,-43.0
2026-06-01 13:09:48,236.5,0.064,8.4,0.336,50.0,0.55,55.7,0.8,-43.0
2026-06-01 13:09:58,236.2,0.065,8.4,0.336,49.9,0.55,55.7,0.8,-43.0
2026-06-01 13:10:08,236.4,0.066,8.5,0.336,50.0,0.54,55.7,0.8,-43.0
2026-06-01 13:10:18,236.3,0.065,8.4,0.336,50.0,0.55,55.7,0.8,-43.0
2026-06-01 13:10:28,236.3,0.066,8.5,0.336,50.0,0.55,55.7,0.8,-43.0
2026-06-01 13:10:38,235.7,0.065,8.4,0.336,50.0,0.55,56.8,0.8,-43.0
2026-06-01 13:10:48,236.2,0.066,8.6,0.336,50.0,0.55,56.8,0.8,-43.0
2026-06-01 13:10:58,236.4,0.066,8.5,0.336,50.0,0.54,56.8,0.8,-43.0
2026-06-01 13:11:08,236.1,0.065,8.4,0.336,49.9,0.55,56.8,0.8,-43.0
2026-06-01 13:11:18,236.5,0.066,8.4,0.336,49.9,0.54,56.8,0.8,-43.0
2026-06-01 13:11:28,236.0,0.065,8.4,0.336,50.0,0.55,56.8,0.8,-43.0
2026-06-01 13:11:38,236.1,0.066,8.5,0.336,49.9,0.55,56.8,0.9,-43.0
2026-06-01 13:11:48,236.2,0.065,8.4,0.336,50.0,0.55,56.8,0.9,-43.0
2026-06-01 13:11:58,236.2,0.066,8.5,0.336,49.9,0.55,56.8,0.9,-43.0
2026-06-01 13:12:08,236.8,0.064,8.3,0.336,50.0,0.55,56.8,0.9,-43.0
2026-06-01 13:12:18,236.6,0.065,8.3,0.336,49.9,0.54,56.8,0.9,-43.0
2026-06-01 13:12:28,236.4,0.066,8.4,0.336,49.9,0.54,56.8,0.9,-43.0
2026-06-01 13:12:38,236.5,0.066,8.5,0.336,50.0,0.54,58.4,1.2,-43.0
2026-06-01 13:12:48,235.9,0.066,8.4,0.336,50.0,0.54,58.4,1.2,-43.0
2026-06-01 13:12:58,236.0,0.065,8.4,0.336,49.9,0.55,58.4,1.2,-43.0
2026-06-01 13:13:08,235.9,0.065,8.4,0.336,50.0,0.55,58.4,1.2,-43.0
2026-06-01 13:13:18,235.8,0.066,8.4,0.336,50.0,0.54,58.4,1.2,-43.0
2026-06-01 13:13:28,234.8,0.066,8.4,0.336,49.9,0.54,58.4,1.2,-43.0
2026-06-01 13:13:38,234.9,0.067,8.5,0.336,49.9,0.54,57.3,0.9,-43.0
2026-06-01 13:13:48,235.0,0.067,8.5,0.336,49.9,0.54,57.3,0.9,-43.0
2026-06-01 13:13:58,235.1,0.067,8.6,0.336,50.0,0.55,57.3,0.9,-43.0
2026-06-01 13:14:08,235.0,0.067,8.6,0.336,50.0,0.55,57.3,0.9,-43.0
2026-06-01 13:14:18,234.5,0.067,8.5,0.336,50.0,0.54,57.3,0.9,-43.0
2026-06-01 13:14:28,235.1,0.067,8.4,0.336,50.0,0.53,57.3,0.9,-43.0
2026-06-01 13:14:38,235.2,0.066,8.4,0.336,50.0,0.54,56.8,1.1,-43.0
2026-06-01 13:14:48,234.3,0.066,8.4,0.336,50.0,0.54,56.8,1.1,-43.0
2026-06-01 13:14:58,235.3,0.068,8.6,0.336,50.0,0.54,56.8,1.1,-43.0
2026-06-01 13:15:08,234.3,0.068,8.6,0.336,50.0,0.54,56.8,1.1,-43.0
2026-06-01 13:15:18,234.6,0.068,8.7,0.336,50.0,0.55,56.8,1.1,-43.0
2026-06-01 13:15:28,234.9,0.067,8.6,0.336,50.0,0.55,56.8,1.1,-43.0
2026-06-01 13:15:38,234.6,0.067,8.6,0.336,49.9,0.55,57.8,0.7,-43.0
2026-06-01 13:15:48,235.2,0.067,8.5,0.336,50.0,0.54,57.8,0.7,-43.0
2026-06-01 13:15:58,235.4,0.067,8.7,0.336,49.9,0.55,57.8,0.7,-43.0
2026-06-01 13:16:08,235.4,0.067,8.7,0.336,49.9,0.55,57.8,0.7,-43.0
2026-06-01 13:16:18,235.5,0.067,8.5,0.336,49.9,0.54,57.8,0.7,-43.0
2026-06-01 13:16:28,234.9,0.067,8.5,0.336,49.9,0.54,57.8,0.7,-43.0
2026-06-01 13:16:38,235.3,0.066,8.5,0.336,49.9,0.55,56.2,1.0,-43.0
2026-06-01 13:16:48,235.4,0.066,8.4,0.336,50.0,0.54,56.2,1.0,-43.0
2026-06-01 13:16:58,234.9,0.066,8.4,0.336,50.0,0.54,56.2,1.0,-43.0
2026-06-01 13:17:08,235.0,0.066,8.6,0.336,50.0,0.55,56.2,1.0,-43.0
2026-06-01 13:17:18,235.5,0.066,8.4,0.337,50.0,0.54,56.2,1.0,-43.0
2026-06-01 13:17:28,235.7,0.066,8.6,0.337,49.9,0.55,56.2,1.0,-43.0
2026-06-01 13:17:38,235.0,0.066,8.5,0.337,50.0,0.55,57.3,0.7,-43.0
2026-06-01 13:17:48,235.2,0.066,8.4,0.337,50.0,0.54,57.3,0.7,-43.0
2026-06-01 13:17:58,234.6,0.066,8.4,0.337,50.0,0.54,57.3,0.7,-43.0
2026-06-01 13:18:08,234.6,0.065,8.4,0.337,50.0,0.55,57.3,0.7,-43.0
2026-06-01 13:18:18,235.0,0.065,8.3,0.337,50.0,0.54,57.3,0.7,-43.0
2026-06-01 13:18:28,235.0,0.066,8.3,0.337,50.0,0.54,57.3,0.7,-43.0
2026-06-01 13:18:38,235.8,0.066,8.4,0.337,49.9,0.54,57.3,0.6,-43.0
2026-06-01 13:18:48,235.1,0.066,8.4,0.337,50.0,0.54,57.3,0.6,-43.0
2026-06-01 13:18:58,235.3,0.066,8.3,0.337,49.9,0.53,57.3,0.6,-43.0
2026-06-01 13:19:08,235.1,0.067,8.5,0.337,49.9,0.54,57.3,0.6,-43.0
2026-06-01 13:19:18,235.5,0.066,8.4,0.337,50.0,0.54,57.3,0.6,-43.0
2026-06-01 13:19:28,235.4,0.066,8.4,0.337,50.0,0.54,57.3,0.6,-43.0
2026-06-01 13:19:38,235.1,0.066,8.4,0.337,49.9,0.54,57.3,0.8,-43.0
2026-06-01 13:19:48,235.1,0.066,8.3,0.337,49.9,0.53,57.3,0.8,-43.0
2026-06-01 13:19:58,235.4,0.067,8.5,0.337,49.9,0.54,57.3,0.8,-43.0
2026-06-01 13:20:08,235.7,0.066,8.3,0.337,50.0,0.53,57.3,0.8,-43.0
2026-06-01 13:20:18,235.7,0.066,8.5,0.337,50.0,0.55,57.3,0.8,-43.0
2026-06-01 13:20:28,235.8,0.066,8.5,0.337,49.9,0.55,57.3,0.8,-43.0
2026-06-01 13:20:38,236.0,0.067,8.5,0.337,50.0,0.54,58.4,0.7,-43.0
2026-06-01 13:20:48,235.9,0.066,8.4,0.337,49.9,0.54,58.4,0.7,-43.0
2026-06-01 13:20:58,236.0,0.066,8.4,0.337,49.9,0.54,58.4,0.7,-43.0
2026-06-01 13:21:08,236.1,0.066,8.4,0.337,49.9,0.54,58.4,0.7,-43.0
2026-06-01 13:21:18,236.1,0.066,8.5,0.337,50.0,0.55,58.4,0.7,-43.0
2026-06-01 13:21:28,236.0,0.066,8.4,0.337,49.9,0.54,58.4,0.7,-43.0
2026-06-01 13:21:38,235.8,0.067,8.7,0.337,49.9,0.55,59.0,0.9,-43.0
2026-06-01 13:21:48,235.4,0.065,8.4,0.337,49.9,0.55,59.0,0.9,-43.0
2026-06-01 13:21:58,235.7,0.066,8.5,0.337,49.9,0.55,59.0,0.9,-43.0
2026-06-01 13:22:08,236.1,0.066,8.4,0.337,50.0,0.54,59.0,0.9,-43.0
2026-06-01 13:22:18,236.7,0.067,8.4,0.337,50.0,0.53,59.0,0.9,-43.0
2026-06-01 13:22:28,235.6,0.067,8.4,0.337,50.0,0.53,59.0,0.9,-43.0
2026-06-01 13:22:38,235.4,0.066,8.5,0.337,50.0,0.55,58.4,1.1,-44.0
2026-06-01 13:22:48,236.0,0.066,8.3,0.337,49.9,0.53,58.4,1.1,-44.0
2026-06-01 13:22:58,235.9,0.067,8.5,0.337,49.9,0.54,58.4,1.1,-44.0
2026-06-01 13:23:08,236.3,0.067,8.6,0.337,50.0,0.54,58.4,1.1,-44.0
2026-06-01 13:23:18,235.9,0.067,8.6,0.337,50.0,0.54,58.4,1.1,-44.0
2026-06-01 13:23:28,236.7,0.066,8.5,0.337,49.9,0.54,58.4,1.1,-44.0
2026-06-01 13:23:38,236.4,0.066,8.5,0.337,49.9,0.54,57.8,0.9,-44.0
2026-06-01 13:23:48,236.1,0.066,8.5,0.338,50.0,0.55,57.8,0.9,-44.0
2026-06-01 13:23:58,236.6,0.065,8.5,0.338,50.0,0.55,57.8,0.9,-44.0
2026-06-01 13:24:08,236.5,0.067,8.7,0.338,50.0,0.55,57.8,0.9,-44.0
2026-06-01 13:24:18,236.4,0.067,8.7,0.338,49.9,0.55,57.8,0.9,-44.0
2026-06-01 13:24:28,236.7,0.066,8.5,0.338,49.9,0.54,57.8,0.9,-44.0
2026-06-01 13:24:38,236.6,0.067,8.7,0.338,50.0,0.55,56.8,1.3,-44.0
2026-06-01 13:24:48,236.2,0.067,8.4,0.338,49.9,0.53,56.8,1.3,-44.0
2026-06-01 13:24:58,236.7,0.067,8.6,0.338,50.0,0.54,56.8,1.3,-44.0
2026-06-01 13:25:08,236.4,0.067,8.5,0.338,49.9,0.54,56.8,1.3,-44.0
2026-06-01 13:25:18,236.5,0.066,8.4,0.338,50.0,0.54,56.8,1.3,-44.0
2026-06-01 13:25:28,236.0,0.066,8.7,0.338,50.0,0.56,56.8,1.3,-44.0
2026-06-01 13:25:38,235.9,0.066,8.6,0.338,49.9,0.55,56.2,1.0,-44.0
2026-06-01 13:25:48,236.0,0.067,8.7,0.338,49.9,0.55,56.2,1.0,-44.0
2026-06-01 13:25:58,235.5,0.066,8.6,0.338,50.0,0.55,56.2,1.0,-44.0
2026-06-01 13:26:08,235.8,0.067,8.6,0.338,49.9,0.54,56.2,1.0,-44.0
2026-06-01 13:26:18,235.5,0.066,8.4,0.338,49.9,0.54,56.2,1.0,-44.0
2026-06-01 13:26:28,236.5,0.065,8.3,0.338,49.9,0.54,56.2,1.0,-44.0
2026-06-01 13:26:38,236.0,0.065,8.4,0.338,50.0,0.55,55.1,1.2,-44.0
2026-06-01 13:26:48,235.5,0.065,8.3,0.338,50.0,0.54,55.1,1.2,-44.0
2026-06-01 13:26:58,235.8,0.066,8.5,0.338,49.9,0.55,55.1,1.2,-44.0
2026-06-01 13:27:08,235.8,0.065,8.4,0.338,50.0,0.55,55.1,1.2,-44.0
2026-06-01 13:27:18,236.0,0.065,8.4,0.338,50.0,0.55,55.1,1.2,-44.0
2026-06-01 13:27:28,235.7,0.066,8.5,0.338,50.0,0.55,55.1,1.2,-44.0
2026-06-01 13:27:38,235.7,0.066,8.4,0.338,50.0,0.54,56.2,1.1,-43.0
2026-06-01 13:27:48,235.6,0.065,8.6,0.338,50.0,0.56,56.2,1.1,-43.0
2026-06-01 13:27:58,235.0,0.065,8.3,0.338,50.0,0.54,56.2,1.1,-43.0
2026-06-01 13:28:08,235.0,0.066,8.5,0.338,49.9,0.55,56.2,1.1,-43.0
2026-06-01 13:28:18,235.1,0.066,8.3,0.338,50.0,0.53,56.2,1.1,-43.0
2026-06-01 13:28:28,234.7,0.066,8.4,0.338,49.9,0.54,56.2,1.1,-43.0
2026-06-01 13:28:38,235.5,0.066,8.4,0.338,50.0,0.54,57.8,1.0,-43.0
2026-06-01 13:28:48,236.1,0.066,8.6,0.338,49.9,0.55,57.8,1.0,-43.0
2026-06-01 13:28:58,235.3,0.066,8.5,0.338,49.9,0.55,57.8,1.0,-43.0
2026-06-01 13:29:08,235.1,0.065,8.3,0.338,50.0,0.54,57.8,1.0,-43.0
2026-06-01 13:29:18,235.8,0.066,8.4,0.338,50.0,0.54,57.8,1.0,-43.0
2026-06-01 13:29:28,235.1,0.067,8.6,0.338,50.0,0.55,57.8,1.0,-43.0
2026-06-01 13:29:38,235.0,0.066,8.5,0.338,50.0,0.55,57.8,0.8,-44.0
2026-06-01 13:29:48,235.9,0.066,8.4,0.338,50.0,0.54,57.8,0.8,-44.0
2026-06-01 13:29:58,235.8,0.066,8.5,0.338,50.0,0.55,57.8,0.8,-44.0
2026-06-01 13:30:08,235.1,0.067,8.5,0.338,50.0,0.54,57.8,0.8,-44.0
2026-06-01 13:30:18,236.0,0.066,8.4,0.338,49.9,0.54,57.8,0.8,-44.0
2026-06-01 13:30:28,235.5,0.065,8.4,0.339,50.0,0.55,57.8,0.8,-44.0
2026-06-01 13:30:38,235.7,0.066,8.6,0.339,50.0,0.55,58.4,0.8,-45.0
2026-06-01 13:30:48,235.4,0.065,8.4,0.339,50.0,0.55,58.4,0.8,-45.0
2026-06-01 13:30:58,235.7,0.067,8.7,0.339,50.0,0.55,58.4,0.8,-45.0
2026-06-01 13:31:08,235.3,0.067,8.8,0.339,49.9,0.56,58.4,0.8,-45.0
2026-06-01 13:31:18,234.7,0.067,8.6,0.339,49.9,0.55,58.4,0.8,-45.0
2026-06-01 13:31:28,235.7,0.067,8.6,0.339,50.0,0.54,58.4,0.8,-45.0
2026-06-01 13:31:38,235.4,0.067,8.6,0.339,50.0,0.55,57.8,1.1,-45.0
2026-06-01 13:31:48,235.1,0.067,8.6,0.339,50.0,0.55,57.8,1.1,-45.0
2026-06-01 13:31:58,236.0,0.067,8.5,0.339,50.0,0.54,57.8,1.1,-45.0
2026-06-01 13:32:08,236.0,0.067,8.6,0.339,50.0,0.54,57.8,1.1,-45.0
2026-06-01 13:32:18,235.9,0.068,8.6,0.339,50.0,0.54,57.8,1.1,-45.0
2026-06-01 13:32:28,235.3,0.067,8.6,0.339,50.0,0.55,57.8,1.1,-45.0
2026-06-01 13:32:38,235.6,0.067,8.6,0.339,50.0,0.54,55.7,0.7,-44.0
2026-06-01 13:32:48,235.6,0.067,8.6,0.339,50.0,0.54,55.7,0.7,-44.0
2026-06-01 13:32:58,236.9,0.067,8.6,0.339,50.0,0.54,55.7,0.7,-44.0
2026-06-01 13:33:08,236.2,0.066,8.6,0.339,50.0,0.55,55.7,0.7,-44.0
2026-06-01 13:33:18,235.7,0.068,8.6,0.339,50.0,0.54,55.7,0.7,-44.0
2026-06-01 13:33:28,235.7,0.067,8.4,0.339,50.0,0.53,55.7,0.7,-44.0
2026-06-01 13:33:38,235.4,0.067,8.5,0.339,50.0,0.54,56.2,1.0,-45.0
2026-06-01 13:33:48,236.1,0.067,8.3,0.339,50.0,0.52,56.2,1.0,-45.0
2026-06-01 13:33:58,236.2,0.067,8.5,0.339,50.0,0.54,56.2,1.0,-45.0
2026-06-01 13:34:08,236.0,0.067,8.5,0.339,50.0,0.54,56.2,1.0,-45.0
2026-06-01 13:34:18,235.3,0.066,8.3,0.339,49.9,0.53,56.2,1.0,-45.0
2026-06-01 13:34:28,236.1,0.066,8.6,0.339,50.0,0.55,56.2,1.0,-45.0
2026-06-01 13:34:38,236.4,0.066,8.5,0.339,50.0,0.54,56.2,0.7,-45.0
2026-06-01 13:34:48,236.2,0.067,8.5,0.339,50.0,0.54,56.2,0.7,-45.0
2026-06-01 13:34:58,235.8,0.065,8.4,0.339,50.0,0.55,56.2,0.7,-45.0
2026-06-01 13:35:08,235.5,0.066,8.5,0.339,50.0,0.55,56.2,0.7,-45.0
2026-06-01 13:35:18,236.2,0.065,8.4,0.339,49.9,0.55,56.2,0.7,-45.0
2026-06-01 13:35:28,235.7,0.066,8.4,0.339,50.0,0.54,56.2,0.7,-45.0
2026-06-01 13:35:38,235.6,0.066,8.5,0.339,50.0,0.55,56.2,0.7,-45.0
2026-06-01 13:35:48,235.9,0.068,8.6,0.339,50.0,0.54,56.2,0.7,-45.0
2026-06-01 13:35:58,235.5,0.066,8.3,0.339,50.0,0.53,56.2,0.7,-45.0
2026-06-01 13:36:08,236.2,0.067,8.4,0.339,50.0,0.53,56.2,0.7,-45.0
2026-06-01 13:36:18,236.1,0.067,8.5,0.339,50.0,0.54,56.2,0.7,-45.0
2026-06-01 13:36:28,236.2,0.066,8.3,0.339,50.0,0.53,56.2,0.7,-45.0
2026-06-01 13:36:38,236.3,0.066,8.5,0.339,50.0,0.55,57.3,0.7,-45.0
2026-06-01 13:36:48,236.8,0.066,8.3,0.339,50.0,0.53,57.3,0.7,-45.0
2026-06-01 13:36:58,236.5,0.066,8.6,0.339,50.0,0.55,57.3,0.7,-45.0
2026-06-01 13:37:08,237.1,0.065,8.4,0.339,50.0,0.55,57.3,0.7,-45.0
2026-06-01 13:37:18,236.3,0.065,8.5,0.339,50.0,0.55,57.3,0.7,-45.0
2026-06-01 13:37:28,236.7,0.065,8.4,0.339,50.0,0.55,57.3,0.7,-45.0
2026-06-01 13:37:38,236.6,0.066,8.7,0.339,50.0,0.56,58.4,0.9,-45.0
2026-06-01 13:37:48,237.0,0.066,8.4,0.339,50.0,0.54,58.4,0.9,-45.0
2026-06-01 13:37:58,237.3,0.066,8.6,0.339,50.0,0.55,58.4,0.9,-45.0
2026-06-01 13:38:08,237.3,0.066,8.6,0.34,50.0,0.55,58.4,0.9,-45.0
2026-06-01 13:38:18,236.4,0.066,8.6,0.34,50.0,0.55,58.4,0.9,-45.0
2026-06-01 13:38:28,236.7,0.066,8.5,0.34,50.0,0.54,58.4,0.9,-45.0
2026-06-01 13:38:38,236.7,0.066,8.6,0.34,50.0,0.55,56.2,0.7,-45.0
2026-06-01 13:38:48,236.7,0.066,8.6,0.34,50.0,0.55,56.2,0.7,-45.0
2026-06-01 13:38:58,236.4,0.067,8.6,0.34,50.0,0.54,56.2,0.7,-45.0
2026-06-01 13:39:08,236.0,0.067,8.6,0.34,50.0,0.54,56.2,0.7,-45.0
2026-06-01 13:39:18,236.3,0.066,8.7,0.34,50.0,0.56,56.2,0.7,-45.0
2026-06-01 13:39:29,236.3,0.065,8.4,0.34,50.0,0.55,56.2,0.7,-45.0
2026-06-01 13:39:39,236.3,0.065,8.5,0.34,50.0,0.55,56.8,0.7,-45.0
2026-06-01 13:39:49,236.7,0.065,8.3,0.34,49.9,0.54,56.8,0.7,-45.0
2026-06-01 13:39:59,236.0,0.066,8.5,0.34,50.0,0.55,56.8,0.7,-45.0
2026-06-01 13:40:09,235.2,0.065,8.3,0.34,50.0,0.54,56.8,0.7,-45.0
2026-06-01 13:40:19,235.5,0.066,8.4,0.34,50.0,0.54,56.8,0.7,-45.0
2026-06-01 13:40:29,236.2,0.065,8.5,0.34,50.0,0.55,56.8,0.7,-45.0
2026-06-01 13:40:39,236.6,0.065,8.6,0.34,49.9,0.56,57.8,1.0,-45.0
2026-06-01 13:40:49,237.2,0.065,8.4,0.34,49.9,0.54,57.8,1.0,-45.0
2026-06-01 13:40:59,236.6,0.064,8.3,0.34,50.0,0.55,57.8,1.0,-45.0
2026-06-01 13:41:09,236.7,0.065,8.4,0.34,50.0,0.55,57.8,1.0,-45.0
2026-06-01 13:41:19,236.1,0.065,8.4,0.34,49.9,0.55,57.8,1.0,-45.0
2026-06-01 13:41:29,236.6,0.065,8.4,0.34,50.0,0.55,57.8,1.0,-45.0
2026-06-01 13:41:39,236.5,0.065,8.5,0.34,50.0,0.55,56.2,0.8,-45.0
2026-06-01 13:41:49,235.8,0.065,8.4,0.34,49.9,0.55,56.2,0.8,-45.0
2026-06-01 13:41:59,234.9,0.066,8.4,0.34,49.9,0.54,56.2,0.8,-45.0
2026-06-01 13:42:09,235.5,0.066,8.4,0.34,49.9,0.54,56.2,0.8,-45.0
2026-06-01 13:42:19,235.8,0.066,8.4,0.34,49.9,0.54,56.2,0.8,-45.0
2026-06-01 13:42:29,234.9,0.066,8.4,0.34,50.0,0.54,56.2,0.8,-45.0
2026-06-01 13:42:39,235.7,0.066,8.5,0.34,50.0,0.55,58.4,0.8,-45.0
2026-06-01 13:42:49,235.9,0.066,8.5,0.34,50.0,0.55,58.4,0.8,-45.0
2026-06-01 13:42:59,234.8,0.065,8.2,0.34,50.0,0.54,58.4,0.8,-45.0
2026-06-01 13:43:09,235.2,0.065,8.4,0.34,50.0,0.55,58.4,0.8,-45.0
2026-06-01 13:43:19,235.9,0.066,8.4,0.34,49.9,0.54,58.4,0.8,-45.0
2026-06-01 13:43:29,234.6,0.066,8.4,0.34,50.0,0.54,58.4,0.8,-45.0
2026-06-01 13:43:39,236.3,0.066,8.6,0.34,50.0,0.55,59.0,1.0,-45.0
2026-06-01 13:43:49,236.0,0.066,8.5,0.34,50.0,0.55,59.0,1.0,-45.0
2026-06-01 13:43:59,235.3,0.067,8.7,0.34,50.0,0.55,59.0,1.0,-45.0
2026-06-01 13:44:09,235.7,0.068,8.6,0.34,50.0,0.54,59.0,1.0,-45.0
2026-06-01 13:44:19,235.0,0.067,8.5,0.34,49.9,0.54,59.0,1.0,-45.0
2026-06-01 13:44:29,235.1,0.067,8.6,0.34,50.0,0.55,59.0,1.0,-45.0
2026-06-01 13:44:39,235.4,0.067,8.7,0.341,49.9,0.55,57.8,1.1,-45.0
2026-06-01 13:44:49,235.8,0.067,8.6,0.341,50.0,0.54,57.8,1.1,-45.0
2026-06-01 13:44:59,235.6,0.066,8.5,0.341,50.0,0.55,57.8,1.1,-45.0
2026-06-01 13:45:09,235.6,0.066,8.5,0.341,50.0,0.55,57.8,1.1,-45.0
2026-06-01 13:45:19,235.7,0.066,8.5,0.341,50.0,0.55,57.8,1.1,-45.0
2026-06-01 13:45:29,235.6,0.066,8.5,0.341,50.0,0.55,57.8,1.1,-45.0
2026-06-01 13:45:39,235.6,0.066,8.6,0.341,50.0,0.55,56.2,1.1,-45.0
2026-06-01 13:45:49,236.5,0.066,8.6,0.341,50.0,0.55,56.2,1.1,-45.0
2026-06-01 13:45:59,236.2,0.066,8.5,0.341,49.9,0.55,56.2,1.1,-45.0
2026-06-01 13:46:09,235.6,0.066,8.7,0.341,50.0,0.56,56.2,1.1,-45.0
2026-06-01 13:46:19,235.3,0.065,8.3,0.341,50.0,0.54,56.2,1.1,-45.0
2026-06-01 13:46:29,236.0,0.065,8.4,0.341,50.0,0.55,56.2,1.1,-45.0
2026-06-01 13:46:39,236.3,0.071,9.4,0.341,50.0,0.56,56.8,1.3,-45.0
2026-06-01 13:46:49,236.4,0.064,8.3,0.341,50.0,0.55,56.8,1.3,-45.0
2026-06-01 13:46:59,236.2,0.065,8.4,0.341,50.0,0.55,56.8,1.3,-45.0
2026-06-01 13:47:09,234.4,0.065,8.4,0.341,50.0,0.55,56.8,1.3,-45.0
2026-06-01 13:47:19,234.7,0.065,8.3,0.341,50.0,0.54,56.8,1.3,-45.0
2026-06-01 13:47:29,235.0,0.065,8.3,0.341,49.9,0.54,56.8,1.3,-45.0
2026-06-01 13:47:39,235.3,0.065,8.3,0.341,50.0,0.54,57.8,1.1,-45.0
2026-06-01 13:47:49,235.5,0.065,8.4,0.341,50.0,0.55,57.8,1.1,-45.0
2026-06-01 13:47:59,236.4,0.064,8.3,0.341,50.0,0.55,57.8,1.1,-45.0
2026-06-01 13:48:09,235.9,0.065,8.3,0.341,50.0,0.54,57.8,1.1,-45.0
2026-06-01 13:48:19,234.7,0.065,8.4,0.341,50.0,0.55,57.8,1.1,-45.0
2026-06-01 13:48:29,233.9,0.065,8.3,0.341,50.0,0.55,57.8,1.1,-45.0
2026-06-01 13:48:39,235.0,0.065,8.4,0.341,50.0,0.55,57.8,1.2,-45.0
2026-06-01 13:48:49,235.3,0.065,8.5,0.341,50.0,0.56,57.8,1.2,-45.0
2026-06-01 13:48:59,235.9,0.064,8.4,0.341,50.0,0.56,57.8,1.2,-45.0
2026-06-01 13:49:09,236.4,0.065,8.5,0.341,50.0,0.55,57.8,1.2,-45.0
2026-06-01 13:49:19,235.3,0.065,8.4,0.341,49.9,0.55,57.8,1.2,-45.0
2026-06-01 13:49:29,235.8,0.065,8.4,0.341,50.0,0.55,57.8,1.2,-45.0
2026-06-01 13:49:39,235.3,0.065,8.4,0.341,49.9,0.55,59.0,0.7,-45.0
2026-06-01 13:49:49,235.8,0.066,8.4,0.341,50.0,0.54,59.0,0.7,-45.0
2026-06-01 13:49:59,236.0,0.066,8.6,0.341,50.0,0.55,59.0,0.7,-45.0
2026-06-01 13:50:09,236.0,0.064,8.2,0.341,49.9,0.54,59.0,0.7,-45.0
2026-06-01 13:50:19,236.3,0.065,8.4,0.341,49.9,0.55,59.0,0.7,-45.0
2026-06-01 13:50:29,235.1,0.065,8.5,0.341,50.0,0.56,59.0,0.7,-45.0
2026-06-01 13:50:39,235.6,0.065,8.4,0.341,50.0,0.55,57.3,0.9,-45.0
2026-06-01 13:50:49,236.1,0.066,8.5,0.341,50.0,0.55,57.3,0.9,-45.0
2026-06-01 13:50:59,236.2,0.065,8.6,0.341,50.0,0.56,57.3,0.9,-45.0
2026-06-01 13:51:09,236.0,0.065,8.4,0.341,50.0,0.55,57.3,0.9,-45.0
2026-06-01 13:51:19,236.5,0.065,8.4,0.341,49.9,0.55,57.3,0.9,-45.0
2026-06-01 13:51:29,236.2,0.065,8.4,0.341,50.0,0.55,57.3,0.9,-45.0
2026-06-01 13:51:39,236.4,0.069,9.2,0.341,50.0,0.56,60.0,0.6,-45.0
2026-06-01 13:51:49,235.8,0.067,8.5,0.341,49.9,0.54,60.0,0.6,-45.0
2026-06-01 13:51:59,235.1,0.067,8.7,0.341,50.0,0.55,60.0,0.6,-45.0
2026-06-01 13:52:09,234.2,0.067,8.5,0.341,49.9,0.54,60.0,0.6,-45.0
2026-06-01 13:52:19,235.2,0.066,8.5,0.342,49.9,0.55,60.0,0.6,-45.0
2026-06-01 13:52:29,236.9,0.066,8.5,0.342,49.9,0.54,60.0,0.6,-45.0
2026-06-01 13:52:39,235.4,0.066,8.5,0.342,50.0,0.55,57.3,0.6,-45.0
2026-06-01 13:52:49,235.9,0.066,8.5,0.342,50.0,0.55,57.3,0.6,-45.0
2026-06-01 13:52:59,236.1,0.065,8.5,0.342,50.0,0.55,57.3,0.6,-45.0
2026-06-01 13:53:09,236.4,0.066,8.6,0.342,50.0,0.55,57.3,0.6,-45.0
2026-06-01 13:53:19,236.4,0.066,8.4,0.342,50.0,0.54,57.3,0.6,-45.0
2026-06-01 13:53:29,237.4,0.066,8.5,0.342,49.9,0.54,57.3,0.6,-45.0
2026-06-01 13:53:39,236.9,0.067,8.6,0.342,50.0,0.54,56.8,0.6,-45.0
2026-06-01 13:53:49,236.0,0.067,8.7,0.342,50.0,0.55,56.8,0.6,-45.0
2026-06-01 13:53:59,235.9,0.067,8.5,0.342,50.0,0.54,56.8,0.6,-45.0
2026-06-01 13:54:09,236.5,0.065,8.3,0.342,50.0,0.54,56.8,0.6,-45.0
2026-06-01 13:54:19,236.4,0.065,8.3,0.342,49.9,0.54,56.8,0.6,-45.0
2026-06-01 13:54:29,236.3,0.065,8.2,0.342,49.9,0.53,56.8,0.6,-45.0
2026-06-01 13:54:39,236.6,0.064,8.4,0.342,50.0,0.55,55.7,0.8,-45.0
2026-06-01 13:54:49,236.6,0.065,8.5,0.342,49.9,0.55,55.7,0.8,-45.0
2026-06-01 13:54:59,236.6,0.065,8.5,0.342,50.0,0.55,55.7,0.8,-45.0
2026-06-01 13:55:09,236.5,0.064,8.4,0.342,49.9,0.55,55.7,0.8,-45.0
2026-06-01 13:55:19,236.0,0.065,8.5,0.342,50.0,0.55,55.7,0.8,-45.0
2026-06-01 13:55:29,236.1,0.064,8.2,0.342,49.9,0.54,55.7,0.8,-45.0
2026-06-01 13:55:39,235.5,0.065,8.4,0.342,49.9,0.55,57.8,0.7,-42.0
2026-06-01 13:55:49,236.7,0.065,8.5,0.342,49.9,0.55,57.8,0.7,-42.0
2026-06-01 13:55:59,236.0,0.065,8.3,0.342,49.9,0.54,57.8,0.7,-42.0
2026-06-01 13:56:09,236.6,0.064,8.5,0.342,50.0,0.56,57.8,0.7,-42.0
2026-06-01 13:56:19,236.4,0.064,8.3,0.342,49.9,0.55,57.8,0.7,-42.0
2026-06-01 13:56:29,236.5,0.064,8.3,0.342,50.0,0.55,57.8,0.7,-42.0
2026-06-01 13:56:39,236.3,0.065,8.3,0.342,50.0,0.54,56.8,0.9,-43.0
2026-06-01 13:56:49,236.7,0.064,8.3,0.342,50.0,0.55,56.8,0.9,-43.0
2026-06-01 13:56:59,237.0,0.065,8.5,0.342,49.9,0.55,56.8,0.9,-43.0
2026-06-01 13:57:09,237.1,0.064,8.3,0.342,49.9,0.55,56.8,0.9,-43.0
2026-06-01 13:57:19,236.9,0.064,8.4,0.342,50.0,0.55,56.8,0.9,-43.0
2026-06-01 13:57:29,236.6,0.064,8.3,0.342,49.9,0.55,56.8,0.9,-43.0
2026-06-01 13:57:39,236.4,0.064,8.4,0.342,50.0,0.56,56.8,0.8,-43.0
2026-06-01 13:57:49,237.1,0.065,8.4,0.342,50.0,0.55,56.8,0.8,-43.0
2026-06-01 13:57:59,236.8,0.065,8.4,0.342,50.0,0.55,56.8,0.8,-43.0
2026-06-01 13:58:09,237.5,0.065,8.4,0.342,50.0,0.54,56.8,0.8,-43.0
2026-06-01 13:58:19,237.1,0.065,8.4,0.342,50.0,0.55,56.8,0.8,-43.0
2026-06-01 13:58:29,237.0,0.064,8.3,0.342,50.0,0.55,56.8,0.8,-43.0
2026-06-01 13:58:39,236.6,0.066,8.4,0.342,50.0,0.54,59.5,1.1,-43.0
2026-06-01 13:58:49,236.7,0.065,8.6,0.342,50.0,0.56,59.5,1.1,-43.0
2026-06-01 13:58:59,235.7,0.066,8.4,0.343,49.9,0.54,59.5,1.1,-43.0
2026-06-01 13:59:09,235.4,0.066,8.4,0.343,49.9,0.54,59.5,1.1,-43.0
2026-06-01 13:59:19,236.1,0.066,8.4,0.343,50.0,0.54,59.5,1.1,-43.0
2026-06-01 13:59:29,236.2,0.066,8.5,0.343,50.0,0.55,59.5,1.1,-43.0
2026-06-01 13:59:39,236.2,0.065,8.2,0.343,50.0,0.53,58.4,0.9,-44.0
2026-06-01 13:59:49,236.1,0.066,8.4,0.343,50.0,0.54,58.4,0.9,-44.0
2026-06-01 13:59:59,236.4,0.065,8.3,0.343,49.9,0.54,58.4,0.9,-44.0
2026-06-01 14:00:09,237.3,0.065,8.4,0.343,50.0,0.54,58.4,0.9,-44.0
2026-06-01 14:00:19,236.2,0.066,8.5,0.343,50.0,0.55,58.4,0.9,-44.0
2026-06-01 14:00:29,236.7,0.066,8.4,0.343,50.0,0.54,58.4,0.9,-44.0
2026-06-01 14:00:39,235.9,0.067,8.5,0.343,50.0,0.54,59.0,0.8,-41.0
2026-06-01 14:00:49,236.7,0.066,8.5,0.343,50.0,0.54,59.0,0.8,-41.0
2026-06-01 14:00:59,235.7,0.066,8.5,0.343,50.0,0.55,59.0,0.8,-41.0
2026-06-01 14:01:09,236.8,0.066,8.5,0.343,50.0,0.54,59.0,0.8,-41.0
2026-06-01 14:01:19,236.6,0.066,8.5,0.343,50.0,0.54,59.0,0.8,-41.0
2026-06-01 14:01:29,236.8,0.066,8.6,0.343,50.0,0.55,59.0,0.8,-41.0
2026-06-01 14:01:39,236.7,0.067,8.6,0.343,50.0,0.54,57.3,1.1,-46.0
2026-06-01 14:01:49,236.4,0.066,8.4,0.343,50.0,0.54,57.3,1.1,-46.0
2026-06-01 14:01:59,236.0,0.066,8.4,0.343,50.0,0.54,57.3,1.1,-46.0
2026-06-01 14:02:09,236.6,0.066,8.5,0.343,50.0,0.54,57.3,1.1,-46.0
2026-06-01 14:02:19,236.5,0.066,8.5,0.343,50.0,0.54,57.3,1.1,-46.0
2026-06-01 14:02:29,236.2,0.066,8.5,0.343,50.0,0.55,57.3,1.1,-46.0
2026-06-01 14:02:39,235.8,0.066,8.5,0.343,50.0,0.55,55.7,1.0,-46.0
2026-06-01 14:02:49,235.9,0.067,8.5,0.343,50.0,0.54,55.7,1.0,-46.0
2026-06-01 14:02:59,236.2,0.065,8.3,0.343,50.0,0.54,55.7,1.0,-46.0
2026-06-01 14:03:09,235.9,0.066,8.3,0.343,50.0,0.53,55.7,1.0,-46.0
2026-06-01 14:03:19,236.1,0.065,8.2,0.343,50.0,0.53,55.7,1.0,-46.0
2026-06-01 14:03:29,236.7,0.065,8.4,0.343,49.9,0.55,55.7,1.0,-46.0
2026-06-01 14:03:39,237.0,0.066,8.3,0.343,49.9,0.53,56.2,0.9,-46.0
2026-06-01 14:03:49,237.0,0.065,8.3,0.343,50.0,0.54,56.2,0.9,-46.0
2026-06-01 14:03:59,237.3,0.064,8.1,0.343,50.0,0.53,56.2,0.9,-46.0
2026-06-01 14:04:09,236.3,0.066,8.3,0.343,49.9,0.53,56.2,0.9,-46.0
2026-06-01 14:04:19,236.5,0.066,8.6,0.343,50.0,0.55,56.2,0.9,-46.0
2026-06-01 14:04:29,236.6,0.066,8.4,0.343,50.0,0.54,56.2,0.9,-46.0
2026-06-01 14:04:39,236.5,0.066,8.4,0.343,50.0,0.54,56.8,0.9,-44.0
2026-06-01 14:04:49,236.7,0.066,8.4,0.343,50.0,0.54,56.8,0.9,-44.0
2026-06-01 14:04:59,236.2,0.066,8.5,0.343,50.0,0.55,56.8,0.9,-44.0
2026-06-01 14:05:09,236.5,0.066,8.3,0.343,50.0,0.53,56.8,0.9,-44.0
2026-06-01 14:05:19,236.1,0.066,8.5,0.343,50.0,0.55,56.8,0.9,-44.0
2026-06-01 14:05:29,236.1,0.066,8.4,0.343,50.0,0.54,56.8,0.9,-44.0
2026-06-01 14:05:39,236.1,0.066,8.4,0.343,50.0,0.54,57.8,0.8,-46.0
2026-06-01 14:05:49,236.6,0.066,8.5,0.343,50.0,0.54,57.8,0.8,-46.0
2026-06-01 14:05:59,235.7,0.066,8.3,0.343,50.0,0.53,57.8,0.8,-46.0
2026-06-01 14:06:09,236.0,0.065,8.3,0.343,50.0,0.54,57.8,0.8,-46.0
2026-06-01 14:06:19,235.6,0.067,8.4,0.343,49.9,0.53,57.8,0.8,-46.0
2026-06-01 14:06:29,235.9,0.066,8.4,0.343,49.9,0.54,57.8,0.8,-46.0
2026-06-01 14:06:39,236.0,0.066,8.4,0.344,49.9,0.54,57.8,0.6,-46.0
2026-06-01 14:06:49,235.9,0.067,8.4,0.344,50.0,0.53,57.8,0.6,-46.0
2026-06-01 14:06:59,236.0,0.066,8.3,0.344,50.0,0.53,57.8,0.6,-46.0
2026-06-01 14:07:09,235.6,0.067,8.3,0.344,50.0,0.53,57.8,0.6,-46.0
2026-06-01 14:07:19,235.7,0.066,8.3,0.344,50.0,0.53,57.8,0.6,-46.0
2026-06-01 14:07:29,236.6,0.065,8.4,0.344,49.9,0.55,57.8,0.6,-46.0
2026-06-01 14:07:39,236.4,0.068,8.5,0.344,50.0,0.53,59.0,0.7,-46.0
2026-06-01 14:07:49,235.7,0.067,8.5,0.344,49.9,0.54,59.0,0.7,-46.0
2026-06-01 14:07:59,235.5,0.068,8.4,0.344,50.0,0.52,59.0,0.7,-46.0
2026-06-01 14:08:09,235.7,0.067,8.3,0.344,49.9,0.53,59.0,0.7,-46.0
2026-06-01 14:08:19,235.7,0.067,8.4,0.344,50.0,0.53,59.0,0.7,-46.0
2026-06-01 14:08:29,235.9,0.068,8.6,0.344,50.0,0.54,59.0,0.7,-46.0
2026-06-01 14:08:39,235.4,0.068,8.7,0.344,49.9,0.54,58.4,0.6,-45.0
2026-06-01 14:08:49,236.0,0.068,8.6,0.344,50.0,0.54,58.4,0.6,-45.0
2026-06-01 14:08:59,236.3,0.068,8.7,0.344,50.0,0.54,58.4,0.6,-45.0
2026-06-01 14:09:09,235.0,0.067,8.5,0.344,50.0,0.54,58.4,0.6,-45.0
2026-06-01 14:09:19,235.3,0.068,8.6,0.344,50.0,0.54,58.4,0.6,-45.0
2026-06-01 14:09:29,235.3,0.067,8.6,0.344,50.0,0.55,58.4,0.6,-45.0
2026-06-01 14:09:39,235.0,0.068,8.6,0.344,50.0,0.54,57.3,0.7,-46.0
2026-06-01 14:09:49,235.7,0.068,8.6,0.344,49.9,0.54,57.3,0.7,-46.0
2026-06-01 14:09:59,235.2,0.067,8.6,0.344,49.9,0.55,57.3,0.7,-46.0
2026-06-01 14:10:09,235.3,0.067,8.5,0.344,49.9,0.54,57.3,0.7,-46.0
2026-06-01 14:10:19,236.1,0.067,8.6,0.344,49.9,0.54,57.3,0.7,-46.0
2026-06-01 14:10:29,235.6,0.066,8.4,0.344,50.0,0.54,57.3,0.7,-46.0
2026-06-01 14:10:39,234.9,0.067,8.5,0.344,49.9,0.54,56.8,0.7,-47.0
2026-06-01 14:10:49,236.1,0.066,8.5,0.344,50.0,0.55,56.8,0.7,-47.0
2026-06-01 14:10:59,236.0,0.067,8.5,0.344,50.0,0.54,56.8,0.7,-47.0
2026-06-01 14:11:09,235.6,0.066,8.4,0.344,50.0,0.54,56.8,0.7,-47.0
2026-06-01 14:11:19,236.2,0.065,8.3,0.344,49.9,0.54,56.8,0.7,-47.0
2026-06-01 14:11:29,235.9,0.066,8.3,0.344,50.0,0.53,56.8,0.7,-47.0
2026-06-01 14:11:39,236.6,0.065,8.3,0.344,50.0,0.54,56.2,0.7,-45.0
2026-06-01 14:11:49,235.6,0.065,8.3,0.344,50.0,0.54,56.2,0.7,-45.0
2026-06-01 14:11:59,235.8,0.065,8.4,0.344,50.0,0.55,56.2,0.7,-45.0
2026-06-01 14:12:09,236.0,0.065,8.4,0.344,50.0,0.55,56.2,0.7,-45.0
2026-06-01 14:12:19,235.8,0.066,8.4,0.344,50.0,0.54,56.2,0.7,-45.0
2026-06-01 14:12:29,236.2,0.065,8.4,0.344,50.0,0.55,56.2,0.7,-45.0
2026-06-01 14:12:39,236.4,0.066,8.4,0.344,50.0,0.54,57.3,1.0,-42.0
2026-06-01 14:12:49,235.6,0.066,8.5,0.344,50.0,0.55,57.3,1.0,-42.0
2026-06-01 14:12:59,236.1,0.066,8.5,0.344,50.0,0.55,57.3,1.0,-42.0
2026-06-01 14:13:09,235.6,0.065,8.2,0.345,50.0,0.54,57.3,1.0,-42.0
2026-06-01 14:13:19,236.0,0.066,8.3,0.345,50.0,0.53,57.3,1.0,-42.0
2026-06-01 14:13:29,236.4,0.065,8.3,0.345,50.0,0.54,57.3,1.0,-42.0
2026-06-01 14:13:39,236.2,0.065,8.3,0.345,50.0,0.54,56.8,0.9,-40.0
2026-06-01 14:13:49,236.7,0.065,8.4,0.345,50.0,0.55,56.8,0.9,-40.0
2026-06-01 14:13:59,236.4,0.066,8.4,0.345,50.0,0.54,56.8,0.9,-40.0
2026-06-01 14:14:09,236.5,0.066,8.3,0.345,50.0,0.53,56.8,0.9,-40.0
2026-06-01 14:14:19,236.5,0.066,8.3,0.345,50.0,0.53,56.8,0.9,-40.0
2026-06-01 14:14:29,236.7,0.066,8.4,0.345,50.0,0.54,56.8,0.9,-40.0
2026-06-01 14:14:39,236.8,0.066,8.3,0.345,50.0,0.53,58.4,0.9,-40.0
2026-06-01 14:14:49,236.8,0.066,8.5,0.345,50.0,0.54,58.4,0.9,-40.0
2026-06-01 14:14:59,236.3,0.066,8.3,0.345,50.0,0.53,58.4,0.9,-40.0
2026-06-01 14:15:09,236.7,0.066,8.4,0.345,50.0,0.54,58.4,0.9,-40.0
2026-06-01 14:15:19,236.7,0.066,8.5,0.345,50.0,0.54,58.4,0.9,-40.0
2026-06-01 14:15:29,236.8,0.067,8.4,0.345,50.0,0.53,58.4,0.9,-40.0
2026-06-01 14:15:39,236.5,0.067,8.5,0.345,50.0,0.54,58.4,1.0,-41.0
2026-06-01 14:15:49,236.8,0.066,8.3,0.345,50.0,0.53,58.4,1.0,-41.0
2026-06-01 14:15:59,236.6,0.066,8.3,0.345,50.0,0.53,58.4,1.0,-41.0
2026-06-01 14:16:09,236.5,0.067,8.5,0.345,50.0,0.54,58.4,1.0,-41.0
2026-06-01 14:16:19,236.5,0.066,8.4,0.345,49.9,0.54,58.4,1.0,-41.0
2026-06-01 14:16:29,236.2,0.067,8.4,0.345,50.0,0.53,58.4,1.0,-41.0
2026-06-01 14:16:39,236.5,0.067,8.4,0.345,50.0,0.53,59.0,0.9,-41.0
2026-06-01 14:16:49,236.6,0.067,8.6,0.345,50.0,0.54,59.0,0.9,-41.0
2026-06-01 14:16:59,235.9,0.066,8.4,0.345,50.0,0.54,59.0,0.9,-41.0
2026-06-01 14:17:09,235.1,0.067,8.4,0.345,50.0,0.53,59.0,0.9,-41.0
2026-06-01 14:17:19,235.8,0.066,8.3,0.345,49.9,0.53,59.0,0.9,-41.0
2026-06-01 14:17:29,235.4,0.067,8.5,0.345,50.0,0.54,59.0,0.9,-41.0
2026-06-01 14:17:39,235.8,0.067,8.5,0.345,50.0,0.54,58.4,0.9,-41.0
2026-06-01 14:17:50,236.2,0.067,8.3,0.345,50.0,0.52,58.4,0.9,-41.0
2026-06-01 14:18:00,236.4,0.067,8.6,0.345,50.0,0.54,58.4,0.9,-41.0
2026-06-01 14:18:10,236.3,0.067,8.5,0.345,50.0,0.54,58.4,0.9,-41.0
2026-06-01 14:18:20,235.9,0.066,8.4,0.345,50.0,0.54,58.4,0.9,-41.0
2026-06-01 14:18:30,236.1,0.068,8.5,0.345,50.0,0.53,58.4,0.9,-41.0
2026-06-01 14:18:40,236.2,0.069,8.6,0.345,50.0,0.53,59.0,1.1,-43.0
2026-06-01 14:18:50,235.3,0.068,8.5,0.345,50.0,0.53,59.0,1.1,-43.0
2026-06-01 14:19:00,235.4,0.067,8.4,0.345,50.0,0.53,59.0,1.1,-43.0
2026-06-01 14:19:10,235.8,0.067,8.4,0.345,50.0,0.53,59.0,1.1,-43.0
2026-06-01 14:19:20,235.9,0.068,8.5,0.345,50.0,0.53,59.0,1.1,-43.0
2026-06-01 14:19:30,235.8,0.068,8.4,0.345,50.0,0.52,59.0,1.1,-43.0
2026-06-01 14:19:40,235.9,0.069,8.6,0.345,50.0,0.53,56.2,0.7,-41.0
2026-06-01 14:19:50,235.9,0.067,8.4,0.345,50.0,0.53,56.2,0.7,-41.0
2026-06-01 14:20:00,236.0,0.067,8.4,0.345,50.0,0.53,56.2,0.7,-41.0
2026-06-01 14:20:10,235.0,0.066,8.2,0.345,50.0,0.53,56.2,0.7,-41.0
2026-06-01 14:20:20,235.6,0.068,8.5,0.345,50.0,0.53,56.2,0.7,-41.0
2026-06-01 14:20:30,236.2,0.067,8.6,0.345,50.0,0.54,56.2,0.7,-41.0
2026-06-01 14:20:40,236.3,0.067,8.3,0.345,50.0,0.52,56.2,1.1,-41.0
2026-06-01 14:20:50,236.9,0.064,8.2,0.345,50.0,0.54,56.2,1.1,-41.0
2026-06-01 14:21:00,237.2,0.065,8.1,0.346,50.0,0.53,56.2,1.1,-41.0
2026-06-01 14:21:10,237.5,0.065,8.2,0.346,50.0,0.53,56.2,1.1,-41.0
2026-06-01 14:21:20,237.2,0.066,8.4,0.346,50.0,0.54,56.2,1.1,-41.0
2026-06-01 14:21:30,237.0,0.066,8.3,0.346,50.0,0.53,56.2,1.1,-41.0
2026-06-01 14:21:40,237.3,0.066,8.4,0.346,50.0,0.54,57.3,0.7,-40.0
2026-06-01 14:21:50,237.2,0.065,8.2,0.346,50.0,0.53,57.3,0.7,-40.0
2026-06-01 14:22:00,236.9,0.067,8.4,0.346,50.0,0.53,57.3,0.7,-40.0
2026-06-01 14:22:10,236.8,0.066,8.4,0.346,50.0,0.54,57.3,0.7,-40.0
2026-06-01 14:22:20,236.1,0.067,8.5,0.346,49.9,0.54,57.3,0.7,-40.0
2026-06-01 14:22:30,236.5,0.066,8.3,0.346,50.0,0.53,57.3,0.7,-40.0
2026-06-01 14:22:40,236.7,0.066,8.2,0.346,49.9,0.52,56.8,0.6,-40.0
2026-06-01 14:22:50,236.9,0.066,8.2,0.346,49.9,0.52,56.8,0.6,-40.0
2026-06-01 14:23:00,236.9,0.066,8.2,0.346,49.9,0.52,56.8,0.6,-40.0
2026-06-01 14:23:10,235.8,0.066,8.3,0.346,50.0,0.53,56.8,0.6,-40.0
2026-06-01 14:23:20,236.7,0.066,8.3,0.346,50.0,0.53,56.8,0.6,-40.0
2026-06-01 14:23:30,236.2,0.065,8.2,0.346,50.0,0.53,56.8,0.6,-40.0
2026-06-01 14:23:40,235.7,0.066,8.3,0.346,50.0,0.53,56.8,0.7,-41.0
2026-06-01 14:23:50,236.5,0.066,8.3,0.346,49.9,0.53,56.8,0.7,-41.0
2026-06-01 14:24:00,236.6,0.065,8.5,0.346,50.0,0.55,56.8,0.7,-41.0
2026-06-01 14:24:10,236.4,0.065,8.3,0.346,49.9,0.54,56.8,0.7,-41.0
2026-06-01 14:24:20,236.1,0.065,8.3,0.346,49.9,0.54,56.8,0.7,-41.0
2026-06-01 14:24:30,236.5,0.064,8.1,0.346,49.9,0.54,56.8,0.7,-41.0
2026-06-01 14:24:40,236.0,0.066,8.4,0.346,49.9,0.54,59.0,0.6,-41.0
2026-06-01 14:24:50,237.1,0.065,8.3,0.346,49.9,0.54,59.0,0.6,-41.0
2026-06-01 14:25:00,236.9,0.066,8.5,0.346,50.0,0.54,59.0,0.6,-41.0
2026-06-01 14:25:10,236.6,0.066,8.4,0.346,49.9,0.54,59.0,0.6,-41.0
2026-06-01 14:25:20,236.8,0.065,8.3,0.346,49.9,0.54,59.0,0.6,-41.0
2026-06-01 14:25:30,236.4,0.067,8.4,0.346,49.9,0.53,59.0,0.6,-41.0
2026-06-01 14:25:40,236.6,0.067,8.5,0.346,49.9,0.54,57.8,0.6,-42.0
2026-06-01 14:25:50,236.3,0.065,8.1,0.346,50.0,0.53,57.8,0.6,-42.0
2026-06-01 14:26:00,236.7,0.066,8.4,0.346,50.0,0.54,57.8,0.6,-42.0
2026-06-01 14:26:10,236.7,0.066,8.3,0.346,50.0,0.53,57.8,0.6,-42.0
2026-06-01 14:26:20,236.5,0.066,8.3,0.346,49.9,0.53,57.8,0.6,-42.0
2026-06-01 14:26:30,236.7,0.065,8.2,0.346,49.9,0.53,57.8,0.6,-42.0
2026-06-01 14:26:40,236.3,0.066,8.5,0.346,49.9,0.55,59.0,0.6,-42.0
2026-06-01 14:26:50,236.3,0.066,8.4,0.346,49.9,0.54,59.0,0.6,-42.0
2026-06-01 14:27:00,236.4,0.065,8.2,0.346,49.9,0.53,59.0,0.6,-42.0
2026-06-01 14:27:10,236.3,0.067,8.6,0.346,50.0,0.54,59.0,0.6,-42.0
2026-06-01 14:27:20,236.9,0.065,8.3,0.346,50.0,0.54,59.0,0.6,-42.0
2026-06-01 14:27:30,237.2,0.066,8.3,0.347,50.0,0.53,59.0,0.6,-42.0
2026-06-01 14:27:40,235.9,0.067,8.6,0.347,50.0,0.54,59.0,0.7,-41.0
2026-06-01 14:27:50,236.7,0.067,8.5,0.347,50.0,0.54,59.0,0.7,-41.0
2026-06-01 14:28:00,235.9,0.067,8.4,0.347,50.0,0.53,59.0,0.7,-41.0
2026-06-01 14:28:10,236.3,0.066,8.4,0.347,50.0,0.54,59.0,0.7,-41.0
2026-06-01 14:28:20,236.9,0.066,8.3,0.347,50.0,0.53,59.0,0.7,-41.0
2026-06-01 14:28:30,237.2,0.066,8.4,0.347,50.0,0.54,59.0,0.7,-41.0
2026-06-01 14:28:40,236.9,0.067,8.4,0.347,50.0,0.53,56.2,1.1,-41.0
2026-06-01 14:28:50,237.1,0.067,8.5,0.347,50.0,0.54,56.2,1.1,-41.0
2026-06-01 14:29:00,237.4,0.066,8.3,0.347,50.0,0.53,56.2,1.1,-41.0
2026-06-01 14:29:10,237.3,0.066,8.3,0.347,50.0,0.53,56.2,1.1,-41.0
2026-06-01 14:29:20,237.4,0.066,8.5,0.347,50.0,0.54,56.2,1.1,-41.0
2026-06-01 14:29:30,237.1,0.067,8.4,0.347,50.0,0.53,56.2,1.1,-41.0
2026-06-01 14:29:40,237.4,0.067,8.5,0.347,49.9,0.53,55.7,0.9,-41.0
2026-06-01 14:29:50,237.2,0.066,8.4,0.347,50.0,0.54,55.7,0.9,-41.0
2026-06-01 14:30:00,237.2,0.066,8.3,0.347,50.0,0.53,55.7,0.9,-41.0
2026-06-01 14:30:10,237.4,0.065,8.4,0.347,49.9,0.54,55.7,0.9,-41.0
2026-06-01 14:30:20,236.5,0.066,8.4,0.347,50.0,0.54,55.7,0.9,-41.0
2026-06-01 14:30:30,236.2,0.067,8.4,0.347,49.9,0.53,55.7,0.9,-41.0
2026-06-01 14:30:40,236.8,0.066,8.4,0.347,50.0,0.54,56.2,1.0,-42.0
2026-06-01 14:30:50,237.1,0.065,8.1,0.347,50.0,0.53,56.2,1.0,-42.0
2026-06-01 14:31:00,236.9,0.065,8.1,0.347,50.0,0.53,56.2,1.0,-42.0
2026-06-01 14:31:10,237.6,0.065,8.3,0.347,50.0,0.54,56.2,1.0,-42.0
2026-06-01 14:31:20,237.2,0.066,8.3,0.347,50.0,0.53,56.2,1.0,-42.0
2026-06-01 14:31:30,237.4,0.065,8.2,0.347,50.0,0.53,56.2,1.0,-42.0
2026-06-01 14:31:40,237.3,0.065,8.2,0.347,50.0,0.53,56.2,1.0,-42.0
2026-06-01 14:31:50,237.0,0.065,8.2,0.347,50.0,0.53,56.2,1.0,-42.0
2026-06-01 14:32:00,237.1,0.064,8.2,0.347,50.0,0.54,56.2,1.0,-42.0
2026-06-01 14:32:10,237.1,0.067,8.4,0.347,50.0,0.53,56.2,1.0,-42.0
2026-06-01 14:32:20,236.3,0.066,8.4,0.347,50.0,0.54,56.2,1.0,-42.0
2026-06-01 14:32:30,236.2,0.065,8.3,0.347,49.9,0.54,56.2,1.0,-42.0
2026-06-01 14:32:40,236.0,0.066,8.4,0.347,49.9,0.54,57.3,1.0,-41.0
2026-06-01 14:32:50,236.1,0.066,8.3,0.347,49.9,0.53,57.3,1.0,-41.0
2026-06-01 14:33:00,236.6,0.067,8.5,0.347,50.0,0.54,57.3,1.0,-41.0
2026-06-01 14:33:10,236.4,0.066,8.4,0.347,50.0,0.54,57.3,1.0,-41.0
2026-06-01 14:33:20,235.7,0.066,8.3,0.347,49.9,0.53,57.3,1.0,-41.0
2026-06-01 14:33:30,236.5,0.065,8.1,0.347,50.0,0.53,57.3,1.0,-41.0
2026-06-01 14:33:40,236.4,0.066,8.4,0.347,49.9,0.54,57.8,0.8,-41.0
2026-06-01 14:33:50,236.5,0.066,8.5,0.347,49.9,0.54,57.8,0.8,-41.0
2026-06-01 14:34:00,236.7,0.066,8.3,0.347,50.0,0.53,57.8,0.8,-41.0
2026-06-01 14:34:10,236.0,0.066,8.2,0.347,49.9,0.53,57.8,0.8,-41.0
2026-06-01 14:34:20,236.1,0.065,8.1,0.347,50.0,0.53,57.8,0.8,-41.0
2026-06-01 14:34:30,236.6,0.066,8.3,0.347,49.9,0.53,57.8,0.8,-41.0
2026-06-01 14:34:40,236.3,0.067,8.5,0.347,50.0,0.54,58.4,0.8,-41.0
2026-06-01 14:34:50,236.1,0.066,8.3,0.347,50.0,0.53,58.4,0.8,-41.0
2026-06-01 14:35:00,235.9,0.066,8.1,0.347,50.0,0.52,58.4,0.8,-41.0
2026-06-01 14:35:10,236.5,0.066,8.4,0.347,50.0,0.54,58.4,0.8,-41.0
2026-06-01 14:35:20,235.7,0.067,8.5,0.348,50.0,0.54,58.4,0.8,-41.0
2026-06-01 14:35:30,236.2,0.068,8.6,0.348,50.0,0.54,58.4,0.8,-41.0
2026-06-01 14:35:40,236.4,0.067,8.6,0.348,50.0,0.54,57.8,0.7,-40.0
2026-06-01 14:35:50,236.2,0.067,8.6,0.348,50.0,0.54,57.8,0.7,-40.0
2026-06-01 14:36:00,236.5,0.067,8.4,0.348,50.0,0.53,57.8,0.7,-40.0
2026-06-01 14:36:10,236.6,0.066,8.4,0.348,50.0,0.54,57.8,0.7,-40.0
2026-06-01 14:36:20,236.6,0.067,8.5,0.348,50.0,0.54,57.8,0.7,-40.0
2026-06-01 14:36:30,235.9,0.067,8.6,0.348,50.0,0.54,57.8,0.7,-40.0
2026-06-01 14:36:40,236.1,0.067,8.5,0.348,49.9,0.54,57.8,0.7,-40.0
2026-06-01 14:36:50,236.4,0.066,8.3,0.348,50.0,0.53,57.8,0.7,-40.0
2026-06-01 14:37:00,236.6,0.066,8.3,0.348,50.0,0.53,57.8,0.7,-40.0
2026-06-01 14:37:10,236.3,0.067,8.5,0.348,50.0,0.54,57.8,0.7,-40.0
2026-06-01 14:37:20,235.5,0.068,8.5,0.348,50.0,0.53,57.8,0.7,-40.0
2026-06-01 14:37:30,235.7,0.066,8.2,0.348,49.9,0.53,57.8,0.7,-40.0
2026-06-01 14:37:40,236.2,0.066,8.3,0.348,50.0,0.53,56.2,1.0,-40.0
2026-06-01 14:37:50,237.1,0.066,8.3,0.348,50.0,0.53,56.2,1.0,-40.0
2026-06-01 14:38:00,236.0,0.067,8.3,0.348,50.0,0.52,56.2,1.0,-40.0
2026-06-01 14:38:10,237.3,0.065,8.1,0.348,50.0,0.53,56.2,1.0,-40.0
2026-06-01 14:38:20,237.2,0.066,8.2,0.348,50.0,0.52,56.2,1.0,-40.0
2026-06-01 14:38:30,237.0,0.066,8.4,0.348,50.0,0.54,56.2,1.0,-40.0
2026-06-01 14:38:40,236.9,0.066,8.4,0.348,49.9,0.54,56.8,0.9,-40.0
2026-06-01 14:38:50,237.6,0.066,8.5,0.348,49.9,0.54,56.8,0.9,-40.0
2026-06-01 14:39:00,237.0,0.066,8.4,0.348,50.0,0.54,56.8,0.9,-40.0
2026-06-01 14:39:10,236.9,0.066,8.2,0.348,50.0,0.52,56.8,0.9,-40.0
2026-06-01 14:39:20,236.4,0.066,8.3,0.348,50.0,0.53,56.8,0.9,-40.0
2026-06-01 14:39:30,235.5,0.066,8.1,0.348,50.0,0.52,56.8,0.9,-40.0
2026-06-01 14:39:40,236.0,0.067,8.4,0.348,50.0,0.53,57.3,0.8,-40.0
2026-06-01 14:39:50,235.7,0.065,8.2,0.348,50.0,0.54,57.3,0.8,-40.0
2026-06-01 14:40:00,235.7,0.066,8.4,0.348,49.9,0.54,57.3,0.8,-40.0
2026-06-01 14:40:10,236.2,0.066,8.4,0.348,50.0,0.54,57.3,0.8,-40.0
2026-06-01 14:40:20,236.0,0.067,8.4,0.348,49.9,0.53,57.3,0.8,-40.0
2026-06-01 14:40:30,236.1,0.066,8.3,0.348,50.0,0.53,57.3,0.8,-40.0
2026-06-01 14:40:40,235.4,0.066,8.4,0.348,50.0,0.54,56.8,0.8,-40.0
2026-06-01 14:40:50,236.0,0.065,8.1,0.348,50.0,0.53,56.8,0.8,-40.0
2026-06-01 14:41:00,236.8,0.065,8.4,0.348,50.0,0.55,56.8,0.8,-40.0
2026-06-01 14:41:10,236.7,0.065,8.4,0.348,50.0,0.55,56.8,0.8,-40.0
2026-06-01 14:41:20,236.8,0.066,8.3,0.348,50.0,0.53,56.8,0.8,-40.0
2026-06-01 14:41:30,236.5,0.066,8.4,0.348,50.0,0.54,56.8,0.8,-40.0
2026-06-01 14:41:40,237.0,0.066,8.2,0.348,50.0,0.52,57.3,0.6,-41.0
2026-06-01 14:41:50,235.8,0.067,8.4,0.349,50.0,0.53,57.3,0.6,-41.0
2026-06-01 14:42:00,237.0,0.066,8.4,0.349,50.0,0.54,57.3,0.6,-41.0
2026-06-01 14:42:10,236.8,0.067,8.5,0.349,50.0,0.54,57.3,0.6,-41.0
2026-06-01 14:42:20,236.1,0.065,8.3,0.349,50.0,0.54,57.3,0.6,-41.0
2026-06-01 14:42:30,235.5,0.066,8.3,0.349,50.0,0.53,57.3,0.6,-41.0
2026-06-01 14:42:40,236.5,0.073,9.4,0.349,50.0,0.54,59.0,0.7,-40.0
2026-06-01 14:42:50,236.5,0.068,8.7,0.349,50.0,0.54,59.0,0.7,-40.0
2026-06-01 14:43:00,237.0,0.067,8.7,0.349,50.0,0.55,59.0,0.7,-40.0
2026-06-01 14:43:10,236.4,0.067,8.5,0.349,50.0,0.54,59.0,0.7,-40.0
2026-06-01 14:43:20,236.7,0.067,8.4,0.349,50.0,0.53,59.0,0.7,-40.0
2026-06-01 14:43:30,236.9,0.067,8.5,0.349,50.0,0.54,59.0,0.7,-40.0
2026-06-01 14:43:40,237.2,0.067,8.5,0.349,50.0,0.53,56.8,0.8,-41.0
2026-06-01 14:43:50,236.8,0.067,8.5,0.349,50.0,0.54,56.8,0.8,-41.0
2026-06-01 14:44:00,236.9,0.067,8.5,0.349,50.0,0.54,56.8,0.8,-41.0
2026-06-01 14:44:10,236.6,0.067,8.4,0.349,50.0,0.53,56.8,0.8,-41.0
2026-06-01 14:44:20,236.4,0.066,8.4,0.349,50.0,0.54,56.8,0.8,-41.0
2026-06-01 14:44:30,236.7,0.066,8.5,0.349,50.0,0.54,56.8,0.8,-41.0
2026-06-01 14:44:40,237.2,0.067,8.6,0.349,50.0,0.54,55.7,0.9,-40.0
2026-06-01 14:44:50,236.7,0.066,8.3,0.349,50.0,0.53,55.7,0.9,-40.0
2026-06-01 14:45:00,236.6,0.066,8.3,0.349,50.0,0.53,55.7,0.9,-40.0
2026-06-01 14:45:10,235.7,0.067,8.4,0.349,50.0,0.53,55.7,0.9,-40.0
2026-06-01 14:45:20,235.8,0.066,8.2,0.349,50.0,0.53,55.7,0.9,-40.0
2026-06-01 14:45:30,235.9,0.066,8.3,0.349,50.0,0.53,55.7,0.9,-40.0
2026-06-01 14:45:40,236.1,0.067,8.3,0.349,49.9,0.52,56.2,0.7,-40.0
2026-06-01 14:45:50,236.3,0.066,8.2,0.349,49.9,0.53,56.2,0.7,-40.0
2026-06-01 14:46:00,236.4,0.065,8.2,0.349,50.0,0.53,56.2,0.7,-40.0
2026-06-01 14:46:10,235.2,0.067,8.3,0.349,50.0,0.53,56.2,0.7,-40.0
2026-06-01 14:46:20,236.2,0.066,8.3,0.349,49.9,0.53,56.2,0.7,-40.0
2026-06-01 14:46:30,235.8,0.067,8.4,0.349,50.0,0.53,56.2,0.7,-40.0
2026-06-01 14:46:40,236.4,0.067,8.4,0.349,50.0,0.53,56.2,0.7,-40.0
2026-06-01 14:46:51,236.6,0.066,8.2,0.349,50.0,0.53,56.2,0.7,-40.0
2026-06-01 14:47:01,236.1,0.066,8.2,0.349,50.0,0.53,56.2,0.7,-40.0
2026-06-01 14:47:11,236.1,0.067,8.3,0.349,50.0,0.52,56.2,0.7,-40.0
2026-06-01 14:47:21,236.0,0.067,8.2,0.349,50.0,0.52,56.2,0.7,-40.0
2026-06-01 14:47:31,236.3,0.067,8.4,0.349,50.0,0.53,56.2,0.7,-40.0
2026-06-01 14:47:41,236.5,0.067,8.3,0.349,50.0,0.52,56.8,0.8,-41.0
2026-06-01 14:47:51,236.2,0.066,8.2,0.349,50.0,0.53,56.8,0.8,-41.0
2026-06-01 14:48:01,235.9,0.067,8.4,0.349,50.0,0.53,56.8,0.8,-41.0
2026-06-01 14:48:11,236.4,0.065,8.1,0.349,50.0,0.53,56.8,0.8,-41.0
2026-06-01 14:48:21,236.3,0.066,8.2,0.349,49.9,0.53,56.8,0.8,-41.0
2026-06-01 14:48:31,236.4,0.067,8.3,0.35,49.9,0.52,56.8,0.8,-41.0
2026-06-01 14:48:41,236.2,0.067,8.5,0.35,49.9,0.54,56.8,0.9,-42.0
2026-06-01 14:48:51,237.0,0.067,8.3,0.35,50.0,0.52,56.8,0.9,-42.0
2026-06-01 14:49:01,236.5,0.067,8.4,0.35,50.0,0.53,56.8,0.9,-42.0
2026-06-01 14:49:11,237.1,0.066,8.2,0.35,50.0,0.52,56.8,0.9,-42.0
2026-06-01 14:49:21,236.4,0.068,8.5,0.35,50.0,0.53,56.8,0.9,-42.0
2026-06-01 14:49:31,237.0,0.066,8.3,0.35,50.0,0.53,56.8,0.9,-42.0
2026-06-01 14:49:41,237.2,0.066,8.4,0.35,50.0,0.54,58.4,0.5,-41.0
2026-06-01 14:49:51,237.0,0.065,8.3,0.35,50.0,0.54,58.4,0.5,-41.0
2026-06-01 14:50:01,236.9,0.066,8.3,0.35,50.0,0.53,58.4,0.5,-41.0
2026-06-01 14:50:11,237.5,0.067,8.4,0.35,49.9,0.53,58.4,0.5,-41.0
2026-06-01 14:50:21,237.6,0.066,8.3,0.35,49.9,0.53,58.4,0.5,-41.0
2026-06-01 14:50:31,237.7,0.066,8.3,0.35,50.0,0.53,58.4,0.5,-41.0
2026-06-01 14:50:41,237.4,0.066,8.5,0.35,50.0,0.54,59.0,0.8,-42.0
2026-06-01 14:50:51,237.5,0.065,8.3,0.35,50.0,0.54,59.0,0.8,-42.0
2026-06-01 14:51:01,237.8,0.067,8.5,0.35,50.0,0.53,59.0,0.8,-42.0
2026-06-01 14:51:11,237.6,0.067,8.6,0.35,50.0,0.54,59.0,0.8,-42.0
2026-06-01 14:51:21,237.4,0.069,8.7,0.35,50.0,0.53,59.0,0.8,-42.0
2026-06-01 14:51:31,237.2,0.067,8.3,0.35,50.0,0.52,59.0,0.8,-42.0
2026-06-01 14:51:41,237.3,0.073,9.3,0.35,50.0,0.54,59.5,0.9,-42.0
2026-06-01 14:51:51,237.2,0.068,8.6,0.35,50.0,0.53,59.5,0.9,-42.0
2026-06-01 14:52:01,237.2,0.067,8.7,0.35,50.0,0.55,59.5,0.9,-42.0
2026-06-01 14:52:11,237.4,0.067,8.6,0.35,49.9,0.54,59.5,0.9,-42.0
2026-06-01 14:52:21,237.5,0.067,8.5,0.35,50.0,0.53,59.5,0.9,-42.0
2026-06-01 14:52:31,237.6,0.067,8.6,0.35,50.0,0.54,59.5,0.9,-42.0
2026-06-01 14:52:41,237.6,0.067,8.6,0.35,50.0,0.54,57.8,0.9,-41.0
2026-06-01 14:52:51,236.5,0.068,8.6,0.35,49.9,0.53,57.8,0.9,-41.0
2026-06-01 14:53:01,237.4,0.067,8.5,0.35,50.0,0.53,57.8,0.9,-41.0
2026-06-01 14:53:11,237.1,0.067,8.6,0.35,50.0,0.54,57.8,0.9,-41.0
2026-06-01 14:53:21,236.9,0.067,8.5,0.35,50.0,0.54,57.8,0.9,-41.0
2026-06-01 14:53:31,237.1,0.067,8.4,0.35,50.0,0.53,57.8,0.9,-41.0
2026-06-01 14:53:41,237.3,0.067,8.5,0.35,49.9,0.53,56.8,0.6,-41.0
2026-06-01 14:53:51,236.7,0.067,8.5,0.35,50.0,0.54,56.8,0.6,-41.0
2026-06-01 14:54:01,236.7,0.067,8.5,0.35,50.0,0.54,56.8,0.6,-41.0
2026-06-01 14:54:11,236.6,0.068,8.5,0.35,50.0,0.53,56.8,0.6,-41.0
2026-06-01 14:54:21,236.5,0.068,8.5,0.35,50.0,0.53,56.8,0.6,-41.0
2026-06-01 14:54:31,237.3,0.068,8.6,0.35,50.0,0.53,56.8,0.6,-41.0
2026-06-01 14:54:41,237.4,0.067,8.4,0.35,50.0,0.53,56.2,0.7,-41.0
2026-06-01 14:54:51,237.1,0.066,8.3,0.35,50.0,0.53,56.2,0.7,-41.0
2026-06-01 14:55:01,237.0,0.065,8.1,0.35,49.9,0.53,56.2,0.7,-41.0
2026-06-01 14:55:11,237.0,0.066,8.3,0.35,50.0,0.53,56.2,0.7,-41.0
2026-06-01 14:55:21,236.8,0.066,8.1,0.35,50.0,0.52,56.2,0.7,-41.0
2026-06-01 14:55:31,236.3,0.067,8.5,0.35,50.0,0.54,56.2,0.7,-41.0
2026-06-01 14:55:41,236.4,0.065,8.2,0.35,50.0,0.53,57.3,0.4,-40.0
2026-06-01 14:55:51,236.7,0.066,8.4,0.35,50.0,0.54,57.3,0.4,-40.0
2026-06-01 14:56:01,236.7,0.066,8.3,0.35,50.0,0.53,57.3,0.4,-40.0
2026-06-01 14:56:11,236.1,0.066,8.3,0.351,50.0,0.53,57.3,0.4,-40.0
2026-06-01 14:56:21,236.4,0.068,8.5,0.351,50.0,0.53,57.3,0.4,-40.0
2026-06-01 14:56:31,236.8,0.067,8.5,0.351,50.0,0.54,57.3,0.4,-40.0
2026-06-01 14:56:41,236.8,0.067,8.4,0.351,49.9,0.53,56.8,0.6,-40.0
2026-06-01 14:56:51,236.8,0.067,8.5,0.351,49.9,0.54,56.8,0.6,-40.0
2026-06-01 14:57:01,236.8,0.067,8.4,0.351,50.0,0.53,56.8,0.6,-40.0
2026-06-01 14:57:11,236.9,0.067,8.4,0.351,50.0,0.53,56.8,0.6,-40.0
2026-06-01 14:57:21,236.8,0.066,8.3,0.351,50.0,0.53,56.8,0.6,-40.0
2026-06-01 14:57:31,236.8,0.066,8.5,0.351,50.0,0.54,56.8,0.6,-40.0
2026-06-01 14:57:41,237.1,0.066,8.6,0.351,50.0,0.55,57.8,0.7,-44.0
2026-06-01 14:57:51,237.2,0.066,8.4,0.351,50.0,0.54,57.8,0.7,-44.0
2026-06-01 14:58:01,237.3,0.066,8.3,0.351,50.0,0.53,57.8,0.7,-44.0
2026-06-01 14:58:11,237.8,0.065,8.3,0.351,50.0,0.54,57.8,0.7,-44.0
2026-06-01 14:58:21,237.3,0.066,8.5,0.351,50.0,0.54,57.8,0.7,-44.0
2026-06-01 14:58:31,237.2,0.067,8.6,0.351,49.9,0.54,57.8,0.7,-44.0
2026-06-01 14:58:41,237.5,0.067,8.5,0.351,49.9,0.53,57.8,0.7,-44.0
2026-06-01 14:58:51,237.8,0.067,8.5,0.351,50.0,0.53,57.8,0.7,-44.0
2026-06-01 14:59:01,238.2,0.066,8.4,0.351,50.0,0.53,57.8,0.7,-44.0
2026-06-01 14:59:11,237.7,0.067,8.6,0.351,50.0,0.54,57.8,0.7,-44.0
2026-06-01 14:59:21,237.5,0.067,8.5,0.351,50.0,0.53,57.8,0.7,-44.0
2026-06-01 14:59:31,238.0,0.067,8.5,0.351,50.0,0.53,57.8,0.7,-44.0
2026-06-01 14:59:41,238.3,0.067,8.5,0.351,50.0,0.53,59.5,0.5,-42.0
2026-06-01 14:59:51,238.4,0.066,8.4,0.351,50.0,0.53,59.5,0.5,-42.0
2026-06-01 15:00:01,238.5,0.066,8.4,0.351,50.0,0.53,59.5,0.5,-42.0
2026-06-01 15:00:11,238.8,0.068,8.7,0.351,50.0,0.54,59.5,0.5,-42.0
2026-06-01 15:00:21,238.1,0.068,8.6,0.351,50.0,0.53,59.5,0.5,-42.0
2026-06-01 15:00:31,238.7,0.068,8.6,0.351,50.0,0.53,59.5,0.5,-42.0
2026-06-01 15:00:41,237.8,0.068,8.6,0.351,50.0,0.53,57.3,0.9,-41.0
2026-06-01 15:00:51,237.2,0.067,8.6,0.351,50.0,0.54,57.3,0.9,-41.0
2026-06-01 15:01:01,237.0,0.068,8.7,0.351,49.9,0.54,57.3,0.9,-41.0
2026-06-01 15:01:11,237.1,0.068,8.5,0.351,50.0,0.53,57.3,0.9,-41.0
2026-06-01 15:01:21,236.6,0.068,8.5,0.351,50.0,0.53,57.3,0.9,-41.0
2026-06-01 15:01:31,236.7,0.068,8.6,0.351,50.0,0.53,57.3,0.9,-41.0
2026-06-01 15:01:41,236.7,0.068,8.5,0.351,50.0,0.53,56.2,0.8,-41.0
2026-06-01 15:01:51,236.5,0.068,8.4,0.351,50.0,0.52,56.2,0.8,-41.0
2026-06-01 15:02:01,237.1,0.067,8.4,0.351,50.0,0.53,56.2,0.8,-41.0
2026-06-01 15:02:11,237.0,0.067,8.5,0.351,50.0,0.54,56.2,0.8,-41.0
2026-06-01 15:02:21,237.2,0.068,8.6,0.351,50.0,0.53,56.2,0.8,-41.0
2026-06-01 15:02:31,236.8,0.069,8.5,0.351,50.0,0.52,56.2,0.8,-41.0
2026-06-01 15:02:41,237.2,0.068,8.6,0.352,50.0,0.53,55.1,0.9,-41.0
2026-06-01 15:02:51,236.8,0.067,8.4,0.352,50.0,0.53,55.1,0.9,-41.0
2026-06-01 15:03:01,238.0,0.067,8.4,0.352,50.0,0.53,55.1,0.9,-41.0
2026-06-01 15:03:11,237.9,0.067,8.5,0.352,50.0,0.53,55.1,0.9,-41.0
2026-06-01 15:03:21,238.6,0.066,8.4,0.352,50.0,0.53,55.1,0.9,-41.0
2026-06-01 15:03:31,237.5,0.067,8.5,0.352,50.0,0.53,55.1,0.9,-41.0
2026-06-01 15:03:41,238.0,0.067,8.3,0.352,50.0,0.52,56.2,0.8,-41.0
2026-06-01 15:03:51,237.6,0.067,8.4,0.352,50.0,0.53,56.2,0.8,-41.0
2026-06-01 15:04:01,238.2,0.066,8.4,0.352,50.0,0.53,56.2,0.8,-41.0
2026-06-01 15:04:11,238.0,0.066,8.4,0.352,49.9,0.53,56.2,0.8,-41.0
2026-06-01 15:04:21,237.3,0.067,8.4,0.352,50.0,0.53,56.2,0.8,-41.0
2026-06-01 15:04:31,237.6,0.067,8.4,0.352,50.0,0.53,56.2,0.8,-41.0
2026-06-01 15:04:41,237.0,0.067,8.5,0.352,50.0,0.54,57.8,0.7,-40.0
2026-06-01 15:04:51,236.9,0.066,8.2,0.352,50.0,0.52,57.8,0.7,-40.0
2026-06-01 15:05:01,237.7,0.067,8.4,0.352,50.0,0.53,57.8,0.7,-40.0
2026-06-01 15:05:11,237.7,0.067,8.6,0.352,50.0,0.54,57.8,0.7,-40.0
2026-06-01 15:05:21,236.5,0.067,8.5,0.352,50.0,0.54,57.8,0.7,-40.0
2026-06-01 15:05:31,236.9,0.067,8.5,0.352,50.0,0.54,57.8,0.7,-40.0
2026-06-01 15:05:41,237.1,0.067,8.4,0.352,50.0,0.53,57.8,0.7,-40.0
2026-06-01 15:05:51,237.3,0.067,8.3,0.352,50.0,0.52,57.8,0.7,-40.0
2026-06-01 15:06:01,237.3,0.068,8.5,0.352,50.0,0.53,57.8,0.7,-40.0
2026-06-01 15:06:11,237.7,0.067,8.4,0.352,50.0,0.53,57.8,0.7,-40.0
2026-06-01 15:06:21,237.5,0.068,8.4,0.352,50.0,0.52,57.8,0.7,-40.0
2026-06-01 15:06:31,237.6,0.067,8.4,0.352,49.9,0.53,57.8,0.7,-40.0
2026-06-01 15:06:41,238.0,0.066,8.3,0.352,50.0,0.53,57.3,0.7,-40.0
2026-06-01 15:06:51,237.9,0.067,8.4,0.352,50.0,0.53,57.3,0.7,-40.0
2026-06-01 15:07:01,237.6,0.067,8.4,0.352,50.0,0.53,57.3,0.7,-40.0
2026-06-01 15:07:11,237.7,0.066,8.5,0.352,49.9,0.54,57.3,0.7,-40.0
2026-06-01 15:07:21,237.8,0.066,8.5,0.352,49.9,0.54,57.3,0.7,-40.0
2026-06-01 15:07:31,237.8,0.067,8.4,0.352,50.0,0.53,57.3,0.7,-40.0
2026-06-01 15:07:41,237.7,0.066,8.3,0.352,50.0,0.53,58.4,0.9,-40.0
2026-06-01 15:07:51,237.8,0.067,8.6,0.352,50.0,0.54,58.4,0.9,-40.0
2026-06-01 15:08:01,237.7,0.067,8.6,0.352,50.0,0.54,58.4,0.9,-40.0
2026-06-01 15:08:11,237.9,0.067,8.5,0.352,50.0,0.53,58.4,0.9,-40.0
2026-06-01 15:08:21,238.2,0.066,8.5,0.352,50.0,0.54,58.4,0.9,-40.0
2026-06-01 15:08:31,238.1,0.068,8.7,0.352,50.0,0.54,58.4,0.9,-40.0
2026-06-01 15:08:41,237.8,0.068,8.8,0.352,50.0,0.54,56.8,1.4,-40.0
2026-06-01 15:08:51,237.9,0.068,8.8,0.352,49.9,0.54,56.8,1.4,-40.0
2026-06-01 15:09:01,238.0,0.067,8.5,0.352,50.0,0.53,56.8,1.4,-40.0
2026-06-01 15:09:11,238.1,0.067,8.5,0.352,50.0,0.53,56.8,1.4,-40.0
2026-06-01 15:09:21,238.1,0.066,8.5,0.352,50.0,0.54,56.8,1.4,-40.0
2026-06-01 15:09:31,237.9,0.067,8.5,0.352,50.0,0.53,56.8,1.4,-40.0
2026-06-01 15:09:41,237.8,0.067,8.5,0.352,50.0,0.53,57.3,1.2,-41.0
2026-06-01 15:09:51,238.6,0.066,8.6,0.352,49.9,0.55,57.3,1.2,-41.0
2026-06-01 15:10:01,238.2,0.067,8.5,0.352,50.0,0.53,57.3,1.2,-41.0
2026-06-01 15:10:11,238.1,0.067,8.5,0.352,49.9,0.53,57.3,1.2,-41.0
2026-06-01 15:10:21,238.2,0.067,8.5,0.353,50.0,0.53,57.3,1.2,-41.0
2026-06-01 15:10:31,237.4,0.067,8.4,0.353,50.0,0.53,57.3,1.2,-41.0
2026-06-01 15:10:41,238.3,0.066,8.5,0.353,50.0,0.54,56.8,1.1,-40.0
2026-06-01 15:10:51,238.6,0.066,8.4,0.353,50.0,0.53,56.8,1.1,-40.0
2026-06-01 15:11:01,238.0,0.066,8.3,0.353,50.0,0.53,56.8,1.1,-40.0
